episode,mean_reward,max_reward,min_reward,std_reward,mean_episode_length,collision_rate,success_rate,mean_travel_time_s,total_collisions,total_successes,steps_per_sec,episodes_per_sec,elapsed_sec,mean_train_loss,success_rate/left,collision_rate/left,success_rate/straight,collision_rate/straight,success_rate/right,collision_rate/right,success_rate/scenario_a,success_rate/scenario_b,success_rate/scenario_c,success_rate/scenario_d,success_rate/scenario_e,success_rate/scenario_f,success_rate/scenario_g,success_rate/scenario_h,success_rate/scenario_i
10,-44.21000289916992,17.299997329711914,-534.7999877929688,163.6338653564453,261.3999938964844,0.10000000149011612,1.0,26.139999389648438,1.0,10.0,45.94356918334961,0.22433382272720337,44.57642364501953,3.4616758823394775,1.0,0.25,1.0,0.0,1.0,0.0,1.0,1.0,1.0,1.0,1.0,1.0,1.0,1.0,1.0
20,-17.062501907348633,17.299997329711914,-534.7999877929688,118.87553405761719,263.75,0.05000000074505806,1.0,26.375,1.0,20.0,77.18267822265625,0.3768685460090637,71.11087799072266,2.450894832611084,1.0,0.125,1.0,0.0,1.0,0.0,1.0,1.0,1.0,1.0,1.0,1.0,1.0,1.0,1.0
30,-8.383336067199707,19.249998092651367,-534.7999877929688,97.86703491210938,267.0,0.03333333507180214,1.0,26.700000762939453,1.0,30.0,71.50848388671875,0.3491625189781189,99.75083923339844,2.1897854804992676,1.0,0.0833333358168602,1.0,0.0,1.0,0.0,1.0,1.0,1.0,1.0,1.0,1.0,1.0,1.0,1.0
40,-4.3550028800964355,19.249998092651367,-534.7999877929688,85.09805297851562,270.70001220703125,0.02500000037252903,1.0,27.06999969482422,1.0,40.0,139.27171325683594,0.3400188386440277,129.16098022460938,1.913050889968872,1.0,0.0625,1.0,0.0,1.0,0.0,1.0,1.0,1.0,1.0,1.0,1.0,1.0,1.0,1.0
50,-13.244003295898438,22.249998092651367,-534.7999877929688,106.62237548828125,274.9599914550781,0.03999999910593033,1.0,27.496000289916992,2.0,50.0,71.26142883300781,0.34795621037483215,157.90023803710938,2.1818792819976807,1.0,0.095238097012043,1.0,0.0,1.0,0.0,1.0,1.0,1.0,1.0,1.0,1.0,1.0,1.0,1.0
60,-9.815835952758789,23.449996948242188,-534.7999877929688,97.67974090576172,276.54998779296875,0.03333333507180214,1.0,27.655000686645508,2.0,60.0,159.4525909423828,0.3892885446548462,183.58811950683594,2.022723913192749,1.0,0.08695652335882187,1.0,0.0,1.0,0.0,1.0,1.0,1.0,1.0,1.0,1.0,1.0,1.0,1.0
70,-7.566431522369385,23.449996948242188,-534.7999877929688,90.63178253173828,279.0142822265625,0.02857142873108387,1.0,27.90142822265625,2.0,70.0,70.99089813232422,0.34663525223731995,212.43690490722656,1.9721782207489014,1.0,0.0714285746216774,1.0,0.0,1.0,0.0,1.0,1.0,1.0,1.0,1.0,1.0,1.0,1.0,1.0
80,-5.684378147125244,23.449996948242188,-534.7999877929688,84.96097564697266,279.5625,0.02500000037252903,1.0,27.956249237060547,2.0,80.0,84.8045883178711,0.41408491134643555,236.58653259277344,1.9330507516860962,1.0,0.06451612710952759,1.0,0.0,1.0,0.0,1.0,1.0,1.0,1.0,1.0,1.0,1.0,1.0,1.0
90,-4.293891906738281,23.449996948242188,-534.7999877929688,80.21983337402344,280.477783203125,0.02222222276031971,1.0,28.04777717590332,2.0,90.0,143.2523651123047,0.3497371971607208,265.179443359375,1.8759820461273193,1.0,0.06060606241226196,1.0,0.0,1.0,0.0,1.0,1.0,1.0,1.0,1.0,1.0,1.0,1.0,1.0
100,-2.8545029163360596,27.049997329711914,-534.7999877929688,76.25235748291016,279.0299987792969,0.019999999552965164,1.0,27.902999877929688,2.0,100.0,78.7193603515625,0.38437187671661377,291.1959228515625,1.8728636503219604,1.0,0.05714285746216774,1.0,0.0,1.0,0.0,1.0,1.0,1.0,1.0,1.0,1.0,1.0,1.0,1.0
110,2.72499680519104,27.049997329711914,-534.7999877929688,54.39802551269531,278.5,0.009999999776482582,1.0,27.850000381469727,2.0,110.0,79.57917022705078,0.3885701596736908,316.9313049316406,1.869825005531311,1.0,0.05263157933950424,1.0,0.0,1.0,0.0,1.0,1.0,1.0,1.0,1.0,1.0,1.0,1.0,1.0
120,-2.4225029945373535,27.049997329711914,-534.7999877929688,75.9925308227539,276.1499938964844,0.019999999552965164,0.9900000095367432,27.679000854492188,3.0,119.0,175.86187744140625,0.4293502867221832,340.2223205566406,1.9667599201202393,1.0,0.0476190485060215,0.9729729890823364,0.027027027681469917,1.0,0.0,1.0,0.9285714030265808,1.0,1.0,1.0,1.0,1.0,1.0,1.0
130,-7.297002792358398,27.049997329711914,-534.9500122070312,92.74081420898438,271.9800109863281,0.029999999329447746,0.9900000095367432,27.275999069213867,4.0,129.0,82.57935333251953,0.4032194912433624,365.022705078125,2.0771496295928955,1.0,0.06666667014360428,0.9756097793579102,0.024390242993831635,1.0,0.0,1.0,0.9333333373069763,1.0,1.0,1.0,1.0,1.0,1.0,1.0
140,-6.832003116607666,27.049997329711914,-534.9500122070312,92.81573486328125,268.8800048828125,0.029999999329447746,0.9900000095367432,26.937999725341797,4.0,139.0,78.82129669189453,0.38486960530281067,391.0055236816406,2.064669609069824,1.0,0.056603774428367615,0.976190447807312,0.02380952425301075,1.0,0.0,1.0,0.9375,1.0,1.0,1.0,1.0,1.0,1.0,1.0
150,-5.957502841949463,27.049997329711914,-534.9500122070312,92.70259857177734,263.04998779296875,0.029999999329447746,0.9800000190734863,26.554000854492188,5.0,148.0,90.80658721923828,0.4433915317058563,413.5589599609375,2.158536434173584,0.9824561476707458,0.07017543911933899,0.9772727489471436,0.022727273404598236,1.0,0.0,1.0,0.9411764740943909,1.0,1.0,1.0,1.0,0.9375,1.0,1.0
160,-10.965502738952637,27.049997329711914,-534.9500122070312,106.60294342041016,259.7699890136719,0.03999999910593033,0.9800000190734863,26.128000259399414,6.0,158.0,77.46930694580078,0.37826812267303467,439.9952392578125,2.1433472633361816,0.9836065769195557,0.08196721225976944,0.97826087474823,0.021739130839705467,1.0,0.0,1.0,0.9444444179534912,1.0,1.0,1.0,1.0,0.9444444179534912,1.0,1.0
170,-10.283002853393555,27.049997329711914,-534.9500122070312,106.7269515991211,255.22000122070312,0.03999999910593033,0.9800000190734863,25.7450008392334,6.0,168.0,79.1406478881836,0.38642895221710205,465.87322998046875,2.212733745574951,0.984375,0.078125,0.9795918464660645,0.020408162847161293,1.0,0.0,1.0,0.9473684430122375,1.0,1.0,1.0,1.0,0.9473684430122375,1.0,1.0
180,-15.53100299835205,27.049997329711914,-534.9500122070312,118.79708862304688,253.5399932861328,0.05000000074505806,0.9800000190734863,25.43000030517578,7.0,178.0,151.59323120117188,0.37010064721107483,492.8929138183594,2.181532144546509,0.9852941036224365,0.0882352963089943,0.9807692170143127,0.01923076994717121,1.0,0.0,1.0,0.949999988079071,1.0,1.0,1.0,1.0,0.949999988079071,1.0,1.0
190,-15.297002792358398,27.049997329711914,-534.9500122070312,118.846435546875,251.97999572753906,0.05000000074505806,0.9800000190734863,25.35300064086914,7.0,188.0,86.09194946289062,0.42037081718444824,516.6814575195312,2.236786365509033,0.98591548204422,0.0845070406794548,0.9821428656578064,0.01785714365541935,1.0,0.0,1.0,0.949999988079071,1.0,1.0,1.0,1.0,0.949999988079071,1.0,1.0
200,-15.645002365112305,22.39999771118164,-534.9500122070312,118.78462219238281,254.3000030517578,0.05000000074505806,0.9800000190734863,25.652000427246094,7.0,198.0,144.21701049804688,0.35209229588508606,545.0830688476562,2.1891884803771973,0.9866666793823242,0.07999999821186066,0.9824561476707458,0.017543859779834747,1.0,0.0,1.0,0.949999988079071,1.0,1.0,1.0,1.0,0.949999988079071,1.0,1.0
210,-16.054502487182617,22.39999771118164,-534.9500122070312,118.693603515625,257.0299987792969,0.05000000074505806,0.9800000190734863,25.774999618530273,7.0,208.0,75.03192901611328,0.36636683344841003,572.3781127929688,2.168449878692627,0.987500011920929,0.07500000298023224,0.9833333492279053,0.01666666753590107,1.0,0.0,1.0,0.949999988079071,1.0,1.0,1.0,1.0,0.949999988079071,1.0,1.0
220,-11.087002754211426,22.39999771118164,-534.9500122070312,106.80472564697266,260.5799865722656,0.03999999910593033,0.9900000095367432,26.099000930786133,7.0,218.0,74.83258819580078,0.3653935194015503,599.7459106445312,2.157700538635254,0.9882352948188782,0.07058823853731155,0.984375,0.015625,1.0,0.0,1.0,0.949999988079071,1.0,1.0,1.0,1.0,0.949999988079071,1.0,1.0
230,-11.484502792358398,22.39999771118164,-534.7999877929688,106.71330261230469,263.2300109863281,0.03999999910593033,0.9900000095367432,26.368999481201172,8.0,228.0,168.4257049560547,0.4111955463886261,624.0652465820312,2.188371181488037,0.9888888597488403,0.07777778059244156,0.9846153855323792,0.015384615398943424,1.0,0.0,1.0,0.949999988079071,1.0,1.0,1.0,1.0,0.949999988079071,1.0,1.0
240,-11.5805025100708,23.449996948242188,-534.7999877929688,106.69963836669922,263.8699951171875,0.03999999910593033,0.9900000095367432,26.433000564575195,8.0,238.0,76.34904479980469,0.37279805541038513,650.889404296875,2.1778244972229004,0.989130437374115,0.07608695328235626,0.9855072498321533,0.014492753893136978,1.0,0.0,1.0,0.949999988079071,1.0,1.0,1.0,1.0,0.949999988079071,1.0,1.0
250,-6.6010026931762695,23.449996948242188,-534.7999877929688,93.02011108398438,267.3399963378906,0.029999999329447746,1.0,26.733999252319336,8.0,248.0,76.0596923828125,0.37138521671295166,677.8156127929688,2.16691255569458,0.9895833134651184,0.0729166641831398,0.9863013625144958,0.013698630034923553,1.0,0.0,1.0,0.949999988079071,1.0,1.0,1.0,1.0,0.949999988079071,1.0,1.0
260,-0.9975029826164246,23.59999656677246,-534.7999877929688,76.4975357055664,266.6499938964844,0.019999999552965164,1.0,26.665000915527344,8.0,258.0,78.23255157470703,0.3819948732852936,703.9940185546875,2.157883405685425,0.9895833134651184,0.0729166641831398,0.9876543283462524,0.012345679104328156,1.0,0.0,1.0,0.949999988079071,1.0,1.0,1.0,1.0,0.949999988079071,1.0,1.0
270,-6.172002792358398,24.949996948242188,-534.7999877929688,93.05412292480469,264.4800109863281,0.029999999329447746,1.0,26.447999954223633,9.0,268.0,92.9525375366211,0.4538698196411133,726.0267333984375,2.1493234634399414,0.9900000095367432,0.07999999821186066,0.9882352948188782,0.0117647061124444,1.0,0.0,1.0,0.949999988079071,1.0,1.0,1.0,1.0,0.949999988079071,1.0,1.0
280,-5.3635029792785645,24.949996948242188,-534.7999877929688,92.91969299316406,259.0899963378906,0.029999999329447746,0.9900000095367432,26.06100082397461,10.0,277.0,81.3193359375,0.3970670700073242,751.21142578125,2.1982429027557373,0.9900000095367432,0.07000000029802322,0.9777777791023254,0.02222222276031971,1.0,0.0,1.0,0.8999999761581421,1.0,1.0,1.0,1.0,0.949999988079071,1.0,1.0
290,-10.1405029296875,24.949996948242188,-534.7999877929688,106.67227935791016,254.27000427246094,0.03999999910593033,0.9800000190734863,25.648000717163086,11.0,286.0,159.25115966796875,0.38879677653312683,776.9318237304688,2.291883707046509,0.9900000095367432,0.07000000029802322,0.9677419066429138,0.032258063554763794,1.0,0.0,1.0,0.8500000238418579,1.0,1.0,1.0,1.0,0.949999988079071,1.0,1.0
300,-14.707502365112305,24.949996948242188,-534.7999877929688,118.6847915649414,248.0500030517578,0.05000000074505806,0.9800000190734863,24.95199966430664,12.0,296.0,91.80830383300781,0.44828274846076965,799.2391357421875,2.3330888748168945,0.9900000095367432,0.07000000029802322,0.969072163105011,0.04123711213469505,1.0,0.0,1.0,0.8999999761581421,1.0,1.0,1.0,1.0,0.949999988079071,1.0,1.0
310,-13.99050235748291,24.949996948242188,-534.7999877929688,118.83574676513672,243.27000427246094,0.05000000074505806,0.9800000190734863,24.457000732421875,12.0,306.0,78.1605453491211,0.38164329528808594,825.441650390625,2.327040910720825,0.9900000095367432,0.07000000029802322,0.9693877696990967,0.040816325694322586,1.0,0.0,1.0,0.8999999761581421,1.0,1.0,1.0,1.0,0.949999988079071,1.0,1.0
320,-13.42800235748291,24.949996948242188,-534.7999877929688,118.95097351074219,239.52000427246094,0.05000000074505806,0.9800000190734863,24.13599967956543,12.0,316.0,77.67768096923828,0.3792855739593506,851.8070068359375,2.315490961074829,0.9900000095367432,0.07000000029802322,0.9700000286102295,0.03999999910593033,1.0,0.0,1.0,0.8999999761581421,1.0,1.0,1.0,1.0,0.949999988079071,1.0,1.0
330,-13.16700267791748,24.949996948242188,-534.5,118.99000549316406,237.77999877929688,0.05000000074505806,0.9800000190734863,23.950000762939453,13.0,326.0,83.36553955078125,0.4070582985877991,876.37353515625,2.3102636337280273,0.9900000095367432,0.07000000029802322,0.9700000286102295,0.03999999910593033,1.0,0.0,1.0,0.8999999761581421,1.0,1.0,1.0,1.0,1.0,1.0,1.0
340,-13.005002975463867,24.949996948242188,-534.5,119.01557922363281,236.6999969482422,0.05000000074505806,0.9800000190734863,23.864999771118164,13.0,336.0,75.76707458496094,0.3699564039707184,903.4037475585938,2.3414762020111084,0.9900000095367432,0.07000000029802322,0.9700000286102295,0.03999999910593033,1.0,0.0,1.0,0.8999999761581421,1.0,1.0,1.0,1.0,1.0,1.0,1.0
350,-12.583502769470215,24.949996948242188,-534.5,119.10116577148438,233.88999938964844,0.05000000074505806,0.9800000190734863,23.57200050354004,13.0,346.0,154.89501953125,0.3781616687774658,929.8474731445312,2.324179172515869,0.9900000095367432,0.07000000029802322,0.9700000286102295,0.03999999910593033,1.0,0.0,1.0,0.8999999761581421,1.0,1.0,1.0,1.0,1.0,1.0,1.0
360,-23.286502838134766,27.499998092651367,-534.5,139.66993713378906,231.91000366210938,0.07000000029802322,0.9800000190734863,23.20599937438965,15.0,356.0,92.30795288085938,0.45072242617607117,952.0340576171875,2.3581628799438477,0.9900000095367432,0.09000000357627869,0.9700000286102295,0.03999999910593033,1.0,0.0,1.0,0.8999999761581421,1.0,1.0,1.0,1.0,1.0,1.0,1.0
370,-18.017501831054688,27.499998092651367,-534.5,129.9281005859375,233.4499969482422,0.05999999865889549,0.9800000190734863,23.39299964904785,15.0,366.0,69.79573059082031,0.3407994508743286,981.3768310546875,2.3902604579925537,0.9900000095367432,0.09000000357627869,0.9700000286102295,0.03999999910593033,1.0,0.0,1.0,0.8999999761581421,1.0,1.0,1.0,1.0,1.0,1.0,1.0
380,-18.54100227355957,27.499998092651367,-534.7999877929688,130.01898193359375,236.94000244140625,0.05999999865889549,0.9900000095367432,23.694000244140625,16.0,376.0,89.91984558105469,0.4390617609024048,1004.1527099609375,2.4164326190948486,0.9900000095367432,0.10000000149011612,0.9700000286102295,0.03999999910593033,1.0,0.0,1.0,0.8999999761581421,1.0,1.0,1.0,1.0,1.0,1.0,1.0
390,-13.299002647399902,27.499998092651367,-534.7999877929688,119.42601013183594,238.66000366210938,0.05000000074505806,1.0,23.865999221801758,16.0,386.0,100.85601806640625,0.49246102571487427,1024.4588623046875,2.4047460556030273,0.9900000095367432,0.10000000149011612,0.9700000286102295,0.03999999910593033,1.0,0.0,1.0,0.8999999761581421,1.0,1.0,1.0,1.0,1.0,1.0,1.0
400,-13.245002746582031,27.499998092651367,-534.7999877929688,119.42840576171875,238.3000030517578,0.05000000074505806,0.9900000095367432,23.875999450683594,17.0,395.0,46.4482307434082,0.22679801285266876,1068.551025390625,2.397792339324951,0.9800000190734863,0.10000000149011612,0.9700000286102295,0.03999999910593033,1.0,0.0,1.0,0.8999999761581421,1.0,0.949999988079071,1.0,1.0,1.0,1.0,1.0
410,-13.302002906799316,27.499998092651367,-534.7999877929688,119.4157485961914,238.67999267578125,0.05000000074505806,0.9900000095367432,23.913000106811523,17.0,405.0,32.781158447265625,0.16006426513195038,1131.02587890625,2.4265904426574707,0.9800000190734863,0.10000000149011612,0.9700000286102295,0.03999999910593033,1.0,0.0,1.0,0.8999999761581421,1.0,0.949999988079071,1.0,1.0,1.0,1.0,1.0
420,-18.701501846313477,27.499998092651367,-535.8499755859375,130.22695922851562,238.00999450683594,0.05999999865889549,0.9900000095367432,23.85300064086914,18.0,415.0,40.00531768798828,0.09766922891139984,1233.412353515625,2.447432279586792,0.9800000190734863,0.10999999940395355,0.9700000286102295,0.03999999910593033,1.0,0.0,1.0,0.8999999761581421,1.0,0.949999988079071,1.0,1.0,1.0,1.0,1.0
430,-13.080002784729004,27.499998092651367,-535.8499755859375,119.52750396728516,237.1999969482422,0.05000000074505806,0.9900000095367432,23.722000122070312,18.0,425.0,34.40068054199219,0.16797207295894623,1292.946044921875,2.436404228210449,0.9900000095367432,0.10000000149011612,0.9800000190734863,0.029999999329447746,1.0,0.0,1.0,0.8999999761581421,1.0,0.949999988079071,1.0,1.0,1.0,1.0,1.0
440,-12.670502662658691,27.799997329711914,-535.8499755859375,119.62954711914062,234.47000122070312,0.05000000074505806,0.9900000095367432,23.50200080871582,18.0,435.0,33.6934928894043,0.16451901197433472,1353.729248046875,2.4285471439361572,0.9900000095367432,0.10000000149011612,0.9800000190734863,0.029999999329447746,1.0,0.0,1.0,0.8999999761581421,1.0,0.949999988079071,1.0,1.0,1.0,1.0,1.0
450,-29.079002380371094,27.799997329711914,-535.8499755859375,148.64137268066406,233.86000061035156,0.07999999821186066,0.9800000190734863,23.42099952697754,21.0,444.0,33.167232513427734,0.16194938123226166,1415.4769287109375,2.4563310146331787,0.9900000095367432,0.10000000149011612,0.9700000286102295,0.03999999910593033,1.0,0.009999999776482582,1.0,0.8999999761581421,1.0,0.8999999761581421,1.0,1.0,1.0,1.0,1.0
460,-18.44500160217285,27.799997329711914,-535.8499755859375,129.95704650878906,236.3000030517578,0.05999999865889549,0.9800000190734863,23.615999221801758,21.0,454.0,31.928180694580078,0.155899316072464,1479.6209716796875,2.5083835124969482,0.9900000095367432,0.10000000149011612,0.9700000286102295,0.03999999910593033,1.0,0.009999999776482582,1.0,0.949999988079071,1.0,0.8999999761581421,1.0,1.0,1.0,1.0,1.0
470,-18.65650177001953,27.799997329711914,-535.8499755859375,129.91505432128906,237.7100067138672,0.05999999865889549,0.9800000190734863,23.892000198364258,21.0,464.0,33.6769905090332,0.1644384264945984,1540.4339599609375,2.49721097946167,0.9900000095367432,0.09000000357627869,0.9700000286102295,0.03999999910593033,1.0,0.009999999776482582,1.0,1.0,1.0,0.8999999761581421,1.0,1.0,1.0,1.0,1.0
480,-18.649002075195312,27.799997329711914,-535.8499755859375,129.91416931152344,237.66000366210938,0.05999999865889549,0.9800000190734863,23.893999099731445,22.0,474.0,60.67856979370117,0.1481410413980484,1607.937255859375,2.509523391723633,0.9900000095367432,0.10000000149011612,0.9700000286102295,0.03999999910593033,1.0,0.009999999776482582,1.0,1.0,1.0,0.8999999761581421,1.0,1.0,1.0,1.0,1.0
490,-18.805002212524414,27.799997329711914,-535.8499755859375,129.88433837890625,238.6999969482422,0.05999999865889549,0.9800000190734863,23.95599937438965,22.0,484.0,19.60504913330078,0.09572777897119522,1712.400146484375,2.498790979385376,0.9900000095367432,0.10000000149011612,0.9700000286102295,0.03999999910593033,1.0,0.009999999776482582,1.0,1.0,1.0,0.8999999761581421,1.0,1.0,1.0,1.0,1.0
500,-13.609502792358398,27.799997329711914,-535.8499755859375,119.27972412109375,240.72999572753906,0.05000000074505806,0.9900000095367432,24.097000122070312,22.0,494.0,32.36140441894531,0.1580146700143814,1775.6854248046875,2.48832631111145,0.9900000095367432,0.10000000149011612,0.9700000286102295,0.03999999910593033,1.0,0.009999999776482582,1.0,1.0,1.0,0.8999999761581421,1.0,1.0,1.0,1.0,1.0
510,-13.864502906799316,27.799997329711914,-535.8499755859375,119.22711944580078,242.42999267578125,0.05000000074505806,0.9900000095367432,24.27400016784668,22.0,504.0,32.9644889831543,0.1609594225883484,1837.8128662109375,2.4783291816711426,0.9900000095367432,0.10000000149011612,0.9700000286102295,0.03999999910593033,1.0,0.009999999776482582,1.0,1.0,1.0,0.8999999761581421,1.0,1.0,1.0,1.0,1.0
520,-13.714502334594727,27.799997329711914,-534.6500244140625,119.01387786865234,241.42999267578125,0.05000000074505806,0.9800000190734863,24.263999938964844,23.0,513.0,33.30239486694336,0.16260933876037598,1899.3099365234375,2.4724221229553223,0.9900000095367432,0.10000000149011612,0.9599999785423279,0.05000000074505806,1.0,0.009999999776482582,1.0,1.0,1.0,0.8500000238418579,1.0,1.0,1.0,1.0,1.0
530,-19.213003158569336,27.799997329711914,-534.6500244140625,129.7167510986328,241.4199981689453,0.05999999865889549,0.9800000190734863,24.214000701904297,24.0,523.0,65.58061218261719,0.16010890901088715,1961.7674560546875,2.5111467838287354,0.9900000095367432,0.10999999940395355,0.9599999785423279,0.05000000074505806,1.0,0.009999999776482582,1.0,1.0,1.0,0.8500000238418579,1.0,1.0,1.0,1.0,1.0
540,-25.01900291442871,26.749998092651367,-534.9500122070312,139.34799194335938,243.4600067138672,0.07000000029802322,0.9800000190734863,24.36199951171875,25.0,533.0,32.09465408325195,0.15671217441558838,2025.5787353515625,2.5312740802764893,0.9900000095367432,0.10999999940395355,0.9599999785423279,0.05000000074505806,1.0,0.009999999776482582,1.0,1.0,1.0,0.8500000238418579,1.0,1.0,1.0,1.0,1.0
550,-8.661502838134766,26.749998092651367,-534.9500122070312,107.24102020263672,244.41000366210938,0.03999999910593033,0.9900000095367432,24.540000915527344,25.0,543.0,32.209747314453125,0.15727415680885315,2089.161865234375,2.5214591026306152,0.9900000095367432,0.10999999940395355,0.9599999785423279,0.05000000074505806,1.0,0.009999999776482582,1.0,1.0,1.0,0.8500000238418579,1.0,1.0,1.0,1.0,1.0
560,-8.648002624511719,27.199996948242188,-534.9500122070312,107.2493667602539,244.32000732421875,0.03999999910593033,0.9900000095367432,24.496000289916992,25.0,553.0,33.83881378173828,0.16522857546806335,2149.68408203125,2.515329122543335,0.9900000095367432,0.10999999940395355,0.9599999785423279,0.05000000074505806,1.0,0.009999999776482582,1.0,1.0,1.0,0.8500000238418579,1.0,1.0,1.0,1.0,1.0
570,-8.627002716064453,27.199996948242188,-534.9500122070312,107.25110626220703,244.17999267578125,0.03999999910593033,0.9900000095367432,24.476999282836914,25.0,563.0,19.615833282470703,0.09578043967485428,2254.089599609375,2.505958080291748,0.9900000095367432,0.10000000149011612,0.9700000286102295,0.03999999910593033,1.0,0.009999999776482582,1.0,1.0,1.0,0.8500000238418579,1.0,1.0,1.0,1.0,1.0
580,-8.793502807617188,27.199996948242188,-535.0999755859375,107.246826171875,245.2899932861328,0.03999999910593033,0.9900000095367432,24.58300018310547,26.0,573.0,62.75436782836914,0.1532089114189148,2319.35986328125,2.5124382972717285,0.9900000095367432,0.10999999940395355,0.9700000286102295,0.03999999910593033,1.0,0.009999999776482582,1.0,1.0,1.0,0.8999999761581421,1.0,1.0,1.0,1.0,1.0
590,-9.41450309753418,27.199996948242188,-535.0999755859375,107.12800598144531,249.42999267578125,0.03999999910593033,0.9900000095367432,25.01799964904785,26.0,583.0,29.80900764465332,0.14555178582668304,2388.06396484375,2.5002706050872803,0.9900000095367432,0.10999999940395355,0.9800000190734863,0.029999999329447746,1.0,0.009999999776482582,1.0,1.0,1.0,0.8999999761581421,1.0,1.0,1.0,1.0,1.0
600,-10.241003036499023,27.199996948242188,-535.0999755859375,106.98912048339844,254.94000244140625,0.03999999910593033,0.9900000095367432,25.552000045776367,26.0,593.0,18.854265213012695,0.0920618399977684,2496.686767578125,2.488396406173706,0.9900000095367432,0.10999999940395355,0.9800000190734863,0.019999999552965164,1.0,0.009999999776482582,1.0,1.0,1.0,0.8999999761581421,1.0,1.0,1.0,1.0,1.0
610,-21.463003158569336,27.199996948242188,-535.4000244140625,129.64231872558594,256.4200134277344,0.05999999865889549,0.9900000095367432,25.719999313354492,28.0,603.0,65.4317398071289,0.159745454788208,2559.286376953125,2.512258768081665,0.9900000095367432,0.12999999523162842,0.9800000190734863,0.019999999552965164,1.0,0.009999999776482582,1.0,1.0,1.0,0.8999999761581421,1.0,1.0,1.0,1.0,1.0
620,-16.878002166748047,27.199996948242188,-535.4000244140625,118.95755004882812,262.5199890136719,0.05000000074505806,1.0,26.25200080871582,28.0,613.0,18.246137619018555,0.08909247070550919,2671.529296875,2.5008039474487305,0.9900000095367432,0.11999999731779099,0.9800000190734863,0.019999999552965164,1.0,0.009999999776482582,1.0,1.0,1.0,0.8999999761581421,1.0,1.0,1.0,1.0,1.0
630,-12.261503219604492,27.199996948242188,-535.4000244140625,106.90115356445312,268.4100036621094,0.03999999910593033,1.0,26.840999603271484,28.0,623.0,61.24877166748047,0.14953313767910004,2738.404052734375,2.4817190170288086,0.9900000095367432,0.11999999731779099,0.9800000190734863,0.019999999552965164,1.0,0.009999999776482582,1.0,1.0,1.0,0.949999988079071,1.0,1.0,1.0,1.0,1.0
640,-6.974503040313721,27.199996948242188,-535.4000244140625,93.09075164794922,269.8299865722656,0.029999999329447746,1.0,26.982999801635742,28.0,633.0,74.9582290649414,0.3660069704055786,2765.725830078125,2.4739882946014404,0.9900000095367432,0.10999999940395355,0.9800000190734863,0.019999999552965164,1.0,0.009999999776482582,1.0,1.0,1.0,0.949999988079071,1.0,1.0,1.0,1.0,1.0
650,-6.767502784729004,27.199996948242188,-535.4000244140625,93.122802734375,268.45001220703125,0.029999999329447746,1.0,26.844999313354492,28.0,643.0,84.69798278808594,0.4135643541812897,2789.906005859375,2.466413736343384,0.9900000095367432,0.10999999940395355,0.9800000190734863,0.019999999552965164,1.0,0.009999999776482582,1.0,1.0,1.0,0.949999988079071,1.0,1.0,1.0,1.0,1.0
660,-6.562002658843994,25.09999656677246,-535.4000244140625,93.1621322631836,267.0799865722656,0.029999999329447746,1.0,26.70800018310547,28.0,653.0,93.77896118164062,0.4579050838947296,2811.74462890625,2.461909532546997,0.9900000095367432,0.10000000149011612,0.9800000190734863,0.019999999552965164,1.0,0.009999999776482582,1.0,1.0,1.0,0.949999988079071,1.0,1.0,1.0,1.0,1.0
670,-11.532503128051758,23.749998092651367,-535.4000244140625,107.00508880615234,263.54998779296875,0.03999999910593033,1.0,26.354999542236328,29.0,663.0,84.36249542236328,0.4119262397289276,2836.020751953125,2.4574828147888184,0.9900000095367432,0.09000000357627869,0.9800000190734863,0.019999999552965164,1.0,0.019999999552965164,1.0,1.0,1.0,0.949999988079071,1.0,1.0,1.0,1.0,1.0
680,-5.513503074645996,27.199996948242188,-535.4000244140625,93.30399322509766,260.0899963378906,0.029999999329447746,1.0,26.009000778198242,29.0,673.0,81.43037414550781,0.39760923385620117,2861.171142578125,2.4743428230285645,0.9900000095367432,0.09000000357627869,0.9800000190734863,0.019999999552965164,1.0,0.019999999552965164,1.0,1.0,1.0,0.949999988079071,1.0,1.0,1.0,1.0,1.0
690,-4.432003021240234,29.749998092651367,-535.4000244140625,93.50260162353516,252.8800048828125,0.029999999329447746,1.0,25.288000106811523,29.0,683.0,95.07097625732422,0.4642137587070465,2882.712890625,2.4697556495666504,0.9900000095367432,0.09000000357627869,0.9800000190734863,0.019999999552965164,1.0,0.019999999552965164,1.0,1.0,1.0,0.949999988079071,1.0,1.0,1.0,1.0,1.0
700,-3.496002674102783,29.749998092651367,-535.4000244140625,93.62776947021484,246.63999938964844,0.029999999329447746,1.0,24.663999557495117,29.0,693.0,158.00244140625,0.38574814796447754,2908.636474609375,2.4594855308532715,1.0,0.07999999821186066,0.9800000190734863,0.019999999552965164,1.0,0.019999999552965164,1.0,1.0,1.0,1.0,1.0,1.0,1.0,1.0,1.0
710,7.875997066497803,29.749998092651367,-533.75,54.8106689453125,244.16000366210938,0.009999999776482582,1.0,24.416000366210938,29.0,703.0,88.72804260253906,0.43324241042137146,2931.71826171875,2.452584981918335,1.0,0.07000000029802322,0.9800000190734863,0.019999999552965164,1.0,0.019999999552965164,1.0,1.0,1.0,1.0,1.0,1.0,1.0,1.0,1.0
720,-7.874002456665039,29.749998092651367,-534.6500244140625,107.60894012451172,239.16000366210938,0.03999999910593033,1.0,23.916000366210938,32.0,713.0,92.40885925292969,0.45121511816978455,2953.880615234375,2.488111734390259,1.0,0.10000000149011612,0.9800000190734863,0.019999999552965164,1.0,0.019999999552965164,1.0,1.0,1.0,1.0,1.0,1.0,1.0,1.0,1.0
730,-7.131502628326416,29.749998092651367,-534.6500244140625,107.72804260253906,234.2100067138672,0.03999999910593033,1.0,23.42099952697754,32.0,723.0,90.92957305908203,0.4439920485019684,2976.403564453125,2.503195285797119,1.0,0.09000000357627869,0.9800000190734863,0.019999999552965164,1.0,0.019999999552965164,1.0,1.0,1.0,1.0,1.0,1.0,1.0,1.0,1.0
740,-7.19600248336792,29.749998092651367,-534.6500244140625,107.72223663330078,234.63999938964844,0.03999999910593033,1.0,23.464000701904297,32.0,733.0,62.11601257324219,0.3033008277416229,3009.374267578125,2.4959945678710938,1.0,0.09000000357627869,0.9800000190734863,0.019999999552965164,1.0,0.019999999552965164,1.0,1.0,1.0,1.0,1.0,1.0,1.0,1.0,1.0
750,-7.833502769470215,29.749998092651367,-534.6500244140625,107.622802734375,238.88999938964844,0.03999999910593033,1.0,23.888999938964844,32.0,743.0,158.84727478027344,0.38781070709228516,3035.159912109375,2.479710340499878,1.0,0.09000000357627869,0.9900000095367432,0.009999999776482582,1.0,0.019999999552965164,1.0,1.0,1.0,1.0,1.0,1.0,1.0,1.0,1.0
760,-8.295502662658691,29.749998092651367,-534.6500244140625,107.57495880126953,241.97000122070312,0.03999999910593033,1.0,24.19700050354004,32.0,753.0,84.34579467773438,0.4118446707725525,3059.44091796875,2.4731357097625732,1.0,0.07999999821186066,0.9900000095367432,0.009999999776482582,1.0,0.019999999552965164,1.0,1.0,1.0,1.0,1.0,1.0,1.0,1.0,1.0
770,-2.936502695083618,29.749998092651367,-534.6500244140625,93.70921325683594,242.91000366210938,0.029999999329447746,1.0,24.291000366210938,32.0,763.0,92.51482391357422,0.4517325460910797,3081.577880859375,2.4650187492370605,1.0,0.07999999821186066,0.9900000095367432,0.009999999776482582,1.0,0.009999999776482582,1.0,1.0,1.0,1.0,1.0,1.0,1.0,1.0,1.0
780,-14.00250244140625,29.749998092651367,-534.6500244140625,119.21215057373047,243.35000610351562,0.05000000074505806,0.9900000095367432,24.381999969482422,34.0,772.0,92.07643127441406,0.4495919346809387,3103.8203125,2.4608986377716064,1.0,0.07999999821186066,0.9800000190734863,0.029999999329447746,1.0,0.009999999776482582,1.0,0.949999988079071,1.0,1.0,1.0,1.0,1.0,1.0,1.0
790,-14.23800277709961,22.999998092651367,-534.6500244140625,119.1522216796875,244.9199981689453,0.05000000074505806,0.9900000095367432,24.52899932861328,34.0,782.0,75.99472045898438,0.37106794118881226,3130.76953125,2.49362850189209,1.0,0.07999999821186066,0.9800000190734863,0.029999999329447746,1.0,0.009999999776482582,1.0,0.949999988079071,1.0,1.0,1.0,1.0,1.0,1.0,1.0
800,-14.110502243041992,29.449996948242188,-534.6500244140625,119.22248840332031,244.07000732421875,0.05000000074505806,0.9900000095367432,24.43899917602539,34.0,792.0,79.16870880126953,0.3865659832954407,3156.638427734375,2.489413022994995,1.0,0.07999999821186066,0.9800000190734863,0.029999999329447746,1.0,0.009999999776482582,1.0,0.949999988079071,1.0,1.0,1.0,1.0,1.0,1.0,1.0
810,-19.24900245666504,31.099998474121094,-534.9500122070312,130.0628204345703,241.66000366210938,0.05999999865889549,0.9900000095367432,24.16900062561035,35.0,802.0,164.6699676513672,0.40202629566192627,3181.512451171875,2.4990882873535156,1.0,0.09000000357627869,0.9800000190734863,0.029999999329447746,1.0,0.009999999776482582,1.0,0.949999988079071,1.0,1.0,1.0,1.0,1.0,1.0,1.0
820,-2.8450026512145996,31.099998474121094,-534.9500122070312,93.37882232666016,242.3000030517578,0.029999999329447746,0.9900000095367432,24.26799964904785,35.0,812.0,89.44761657714844,0.4367559552192688,3204.408447265625,2.495100975036621,1.0,0.07999999821186066,0.9900000095367432,0.019999999552965164,1.0,0.009999999776482582,1.0,0.949999988079071,1.0,1.0,1.0,1.0,1.0,1.0,1.0
830,-8.0180025100708,31.099998474121094,-534.9500122070312,107.34210205078125,240.1199951171875,0.03999999910593033,0.9900000095367432,24.02400016784668,36.0,822.0,83.24169921875,0.40645360946655273,3229.011474609375,2.4988672733306885,1.0,0.07999999821186066,0.9900000095367432,0.019999999552965164,1.0,0.009999999776482582,1.0,0.949999988079071,1.0,1.0,1.0,1.0,1.0,1.0,1.0
840,-7.716502666473389,31.099998474121094,-534.9500122070312,107.42507934570312,238.11000061035156,0.03999999910593033,0.9900000095367432,23.87700080871582,36.0,832.0,80.86343383789062,0.3948409855365753,3254.338134765625,2.5050790309906006,1.0,0.07999999821186066,0.9900000095367432,0.019999999552965164,1.0,0.009999999776482582,1.0,0.949999988079071,1.0,1.0,1.0,1.0,1.0,1.0,1.0
850,-12.099002838134766,31.099998474121094,-534.9500122070312,119.7361068725586,230.66000366210938,0.05000000074505806,0.9900000095367432,23.118000030517578,37.0,842.0,100.00602722167969,0.48831069469451904,3274.81689453125,2.5268006324768066,1.0,0.09000000357627869,0.9900000095367432,0.019999999552965164,1.0,0.009999999776482582,1.0,0.949999988079071,1.0,1.0,1.0,1.0,1.0,1.0,1.0
860,-22.440502166748047,31.099998474121094,-534.9500122070312,140.23951721191406,226.27000427246094,0.07000000029802322,0.9800000190734863,22.81800079345703,39.0,851.0,81.90168762207031,0.3999105989933014,3299.822509765625,2.5500359535217285,1.0,0.10000000149011612,0.9800000190734863,0.029999999329447746,1.0,0.009999999776482582,1.0,0.949999988079071,1.0,0.949999988079071,1.0,1.0,1.0,1.0,1.0
870,-22.299501419067383,31.099998474121094,-534.9500122070312,140.2889862060547,225.3300018310547,0.07000000029802322,0.9800000190734863,22.562000274658203,39.0,861.0,82.46503448486328,0.4026612937450409,3324.657470703125,2.5761516094207764,1.0,0.09000000357627869,0.9800000190734863,0.029999999329447746,1.0,0.009999999776482582,1.0,0.949999988079071,1.0,0.949999988079071,1.0,1.0,1.0,1.0,1.0
880,-22.082002639770508,31.099998474121094,-535.5499877929688,140.50747680664062,223.8800048828125,0.07000000029802322,0.9800000190734863,22.382999420166016,41.0,870.0,94.6507797241211,0.4621620178222656,3346.294921875,2.5791752338409424,1.0,0.10000000149011612,0.9700000286102295,0.03999999910593033,1.0,0.009999999776482582,1.0,0.949999988079071,1.0,0.8999999761581421,1.0,1.0,1.0,1.0,1.0
890,-27.379501342773438,32.29999923706055,-535.5499877929688,149.52197265625,222.52999877929688,0.07999999821186066,0.9800000190734863,22.219999313354492,42.0,880.0,81.94171142578125,0.4001060128211975,3371.2880859375,2.604391574859619,1.0,0.10999999940395355,0.9700000286102295,0.03999999910593033,1.0,0.009999999776482582,1.0,0.949999988079071,1.0,0.8999999761581421,1.0,1.0,1.0,1.0,1.0
900,-32.66650390625,32.29999923706055,-535.5499877929688,157.63294982910156,221.11000061035156,0.09000000357627869,0.9700000286102295,22.131000518798828,43.0,889.0,82.53730010986328,0.4030141532421112,3396.101318359375,2.6251235008239746,1.0,0.10999999940395355,0.9599999785423279,0.05000000074505806,1.0,0.009999999776482582,1.0,0.949999988079071,1.0,0.8500000238418579,1.0,1.0,1.0,1.0,1.0
910,-27.334503173828125,32.29999923706055,-535.5499877929688,149.3362579345703,222.22999572753906,0.07999999821186066,0.9700000286102295,22.191999435424805,43.0,899.0,89.1278305053711,0.4351944923400879,3419.079345703125,2.6500484943389893,1.0,0.10999999940395355,0.9599999785423279,0.05000000074505806,1.0,0.009999999776482582,1.0,0.949999988079071,1.0,0.8500000238418579,1.0,1.0,1.0,1.0,1.0
920,-27.18450164794922,32.29999923706055,-535.5499877929688,149.3740234375,221.22999572753906,0.07999999821186066,0.9700000286102295,22.239999771118164,43.0,909.0,156.6678466796875,0.3824898600578308,3445.223876953125,2.658175468444824,1.0,0.09000000357627869,0.9599999785423279,0.05000000074505806,1.0,0.009999999776482582,1.0,0.949999988079071,1.0,0.8500000238418579,1.0,1.0,1.0,1.0,1.0
930,-32.57050323486328,32.29999923706055,-535.5499877929688,157.3257598876953,220.47000122070312,0.09000000357627869,0.9599999785423279,22.114999771118164,45.0,918.0,94.06852722167969,0.45931896567344666,3466.995361328125,2.700376033782959,0.9900000095367432,0.10999999940395355,0.9599999785423279,0.05000000074505806,1.0,0.009999999776482582,1.0,0.949999988079071,0.949999988079071,0.8500000238418579,1.0,1.0,1.0,1.0,1.0
940,-48.76150131225586,33.04999923706055,-535.5499877929688,178.7299041748047,218.41000366210938,0.11999999731779099,0.949999988079071,22.091999053955078,48.0,927.0,91.86675262451172,0.4485681354999542,3489.28857421875,2.757444143295288,0.9900000095367432,0.12999999523162842,0.949999988079071,0.05999999865889549,1.0,0.009999999776482582,1.0,0.8999999761581421,0.949999988079071,0.8500000238418579,1.0,1.0,1.0,1.0,1.0
950,-44.48400115966797,33.04999923706055,-535.5499877929688,171.63815307617188,226.55999755859375,0.10999999940395355,0.949999988079071,22.709999084472656,48.0,937.0,66.97566986083984,0.32702964544296265,3519.86669921875,2.755821943283081,0.9900000095367432,0.12999999523162842,0.949999988079071,0.05999999865889549,1.0,0.009999999776482582,1.0,0.8999999761581421,0.949999988079071,0.8500000238418579,1.0,1.0,1.0,1.0,1.0
960,-33.829002380371094,33.04999923706055,-535.5499877929688,156.89913940429688,228.86000061035156,0.09000000357627869,0.9599999785423279,22.91200065612793,48.0,947.0,78.2690200805664,0.38217294216156006,3546.032958984375,2.75612735748291,0.9900000095367432,0.12999999523162842,0.949999988079071,0.05999999865889549,1.0,0.0,1.0,0.949999988079071,0.949999988079071,0.8500000238418579,1.0,1.0,1.0,1.0,1.0
970,-34.394500732421875,33.04999923706055,-535.5499877929688,156.72439575195312,232.6300048828125,0.09000000357627869,0.9599999785423279,23.420000076293945,48.0,957.0,76.78865814208984,0.37494462728500366,3572.70361328125,2.7400617599487305,0.9900000095367432,0.12999999523162842,0.949999988079071,0.05999999865889549,1.0,0.0,1.0,0.949999988079071,0.949999988079071,0.8500000238418579,1.0,1.0,1.0,1.0,1.0
980,-23.231002807617188,33.04999923706055,-535.0999755859375,139.82247924804688,231.5399932861328,0.07000000029802322,0.9700000286102295,23.238000869750977,48.0,967.0,95.06754302978516,0.46419697999954224,3594.24609375,2.7202770709991455,0.9900000095367432,0.12999999523162842,0.949999988079071,0.05999999865889549,1.0,0.0,1.0,0.949999988079071,0.949999988079071,0.8500000238418579,1.0,1.0,1.0,1.0,1.0
990,-23.268503189086914,33.04999923706055,-535.25,139.8166046142578,231.7899932861328,0.07000000029802322,0.9700000286102295,23.263999938964844,49.0,977.0,154.73934936523438,0.37778159976005554,3620.716552734375,2.7242989540100098,0.9900000095367432,0.14000000059604645,0.949999988079071,0.05999999865889549,1.0,0.0,1.0,0.949999988079071,0.949999988079071,0.8500000238418579,1.0,1.0,1.0,1.0,1.0
1000,-17.53600311279297,33.04999923706055,-535.25,130.32754516601562,230.24000549316406,0.05999999865889549,0.9800000190734863,23.093000411987305,49.0,987.0,0.0,0.4264451861381531,3644.166015625,2.7242989540100098,0.9900000095367432,0.14000000059604645,0.949999988079071,0.05999999865889549,1.0,0.0,1.0,0.949999988079071,0.949999988079071,0.8500000238418579,1.0,1.0,1.0,1.0,1.0
1010,-28.650001525878906,33.04999923706055,-535.25,148.8655548095703,231.0,0.07999999821186066,0.9800000190734863,23.242000579833984,51.0,997.0,171.53619384765625,0.4187895357608795,3668.04443359375,2.748506546020508,0.9900000095367432,0.1599999964237213,0.949999988079071,0.05999999865889549,1.0,0.0,1.0,0.949999988079071,0.949999988079071,0.8500000238418579,1.0,1.0,1.0,1.0,1.0
1020,-39.417503356933594,33.94999694824219,-535.25,164.79600524902344,229.4499969482422,0.10000000149011612,0.9800000190734863,23.040000915527344,53.0,1007.0,81.26358795166016,0.396794855594635,3693.246337890625,2.768198251724243,0.9900000095367432,0.1599999964237213,0.949999988079071,0.05999999865889549,1.0,0.0,1.0,0.949999988079071,0.949999988079071,0.8500000238418579,1.0,1.0,1.0,1.0,1.0
1030,-39.698001861572266,33.94999694824219,-535.25,164.95135498046875,231.32000732421875,0.10000000149011612,0.9900000095367432,23.160999298095703,55.0,1017.0,79.15632629394531,0.38650548458099365,3719.119384765625,2.787898540496826,0.9900000095367432,0.17000000178813934,0.949999988079071,0.05999999865889549,1.0,0.0,1.0,0.949999988079071,0.949999988079071,0.8500000238418579,1.0,1.0,1.0,1.0,1.0
1040,-23.57000160217285,33.94999694824219,-535.25,140.407470703125,233.8000030517578,0.07000000029802322,1.0,23.3799991607666,55.0,1027.0,79.7293701171875,0.3893035650253296,3744.80615234375,2.8048954010009766,0.9900000095367432,0.17000000178813934,0.949999988079071,0.05999999865889549,1.0,0.0,1.0,0.949999988079071,0.949999988079071,0.8999999761581421,1.0,1.0,1.0,1.0,1.0
1050,-28.036502838134766,33.94999694824219,-535.25,149.39517211914062,226.91000366210938,0.07999999821186066,1.0,22.69099998474121,56.0,1037.0,92.92744445800781,0.4537472724914551,3766.844970703125,2.8272645473480225,0.9900000095367432,0.17000000178813934,0.949999988079071,0.07000000029802322,1.0,0.0,1.0,0.949999988079071,0.949999988079071,0.8999999761581421,1.0,1.0,1.0,1.0,1.0
1060,-33.00550079345703,33.94999694824219,-535.25,157.7360076904297,223.3699951171875,0.09000000357627869,1.0,22.336999893188477,57.0,1047.0,81.3429183959961,0.3971822261810303,3792.022216796875,2.833925485610962,0.9900000095367432,0.18000000715255737,0.949999988079071,0.07000000029802322,1.0,0.0,1.0,0.949999988079071,0.949999988079071,0.949999988079071,1.0,1.0,1.0,1.0,1.0
1070,-38.0780029296875,33.94999694824219,-535.25,165.49281311035156,220.52000427246094,0.10000000149011612,1.0,22.052000045776367,58.0,1057.0,80.79312896728516,0.39449772238731384,3817.370849609375,2.855797529220581,0.9900000095367432,0.1899999976158142,0.9599999785423279,0.05000000074505806,1.0,0.0,1.0,0.949999988079071,0.949999988079071,0.949999988079071,1.0,1.0,1.0,1.0,1.0
1080,-43.59000015258789,33.94999694824219,-535.25,172.58140563964844,220.60000610351562,0.10999999940395355,1.0,22.059999465942383,59.0,1067.0,96.52117156982422,0.4712947905063629,3838.589111328125,2.875316619873047,0.9900000095367432,0.20000000298023224,0.9599999785423279,0.05000000074505806,1.0,0.0,1.0,0.949999988079071,0.949999988079071,1.0,1.0,1.0,1.0,1.0,1.0
1090,-48.96550369262695,33.94999694824219,-534.7999877929688,179.1168975830078,219.77000427246094,0.11999999731779099,0.9900000095367432,22.06599998474121,61.0,1076.0,80.84354400634766,0.3947438597679138,3863.921875,2.8979299068450928,0.9900000095367432,0.20999999344348907,0.949999988079071,0.05999999865889549,1.0,0.0,1.0,0.949999988079071,0.949999988079071,0.949999988079071,1.0,1.0,1.0,1.0,1.0
1100,-49.253501892089844,33.94999694824219,-534.7999877929688,179.00701904296875,221.69000244140625,0.11999999731779099,0.9900000095367432,22.124000549316406,61.0,1086.0,79.96917724609375,0.39047449827194214,3889.531982421875,2.9178173542022705,0.9900000095367432,0.20999999344348907,0.949999988079071,0.05999999865889549,1.0,0.0,1.0,0.949999988079071,0.949999988079071,0.949999988079071,1.0,1.0,1.0,1.0,1.0
1110,-37.78550338745117,33.94999694824219,-534.7999877929688,165.42005920410156,218.57000732421875,0.10000000149011612,0.9900000095367432,21.88800048828125,61.0,1096.0,92.5634536743164,0.4519699811935425,3911.6572265625,2.921759843826294,0.9900000095367432,0.20000000298023224,0.949999988079071,0.05999999865889549,1.0,0.0,1.0,0.949999988079071,1.0,0.949999988079071,1.0,1.0,1.0,1.0,1.0
1120,-31.994503021240234,33.79999923706055,-534.7999877929688,157.68898010253906,216.6300048828125,0.09000000357627869,0.9800000190734863,21.72100067138672,62.0,1105.0,81.81269073486328,0.399476021528244,3936.68994140625,2.92659592628479,0.9900000095367432,0.20000000298023224,0.9399999976158142,0.07000000029802322,1.0,0.0,1.0,0.949999988079071,1.0,0.949999988079071,1.0,1.0,1.0,1.0,1.0
1130,-20.87900161743164,33.79999923706055,-534.7999877929688,140.60057067871094,215.86000061035156,0.07000000029802322,0.9800000190734863,21.652999877929688,62.0,1115.0,81.85963439941406,0.3997052311897278,3961.70849609375,2.948341131210327,0.9900000095367432,0.1899999976158142,0.9399999976158142,0.07000000029802322,1.0,0.0,1.0,0.949999988079071,1.0,0.949999988079071,1.0,1.0,1.0,1.0,1.0
1140,-20.705001831054688,33.79999923706055,-534.7999877929688,140.63644409179688,214.6999969482422,0.07000000029802322,0.9800000190734863,21.518999099731445,62.0,1125.0,171.58172607421875,0.4189006984233856,3985.58056640625,2.9306461811065674,0.9900000095367432,0.18000000715255737,0.949999988079071,0.05999999865889549,1.0,0.0,1.0,0.949999988079071,1.0,0.949999988079071,1.0,1.0,1.0,1.0,1.0
1150,-26.334001541137695,33.19999694824219,-535.4000244140625,149.72030639648438,215.55999755859375,0.07999999821186066,0.9800000190734863,21.638999938964844,64.0,1135.0,76.9376220703125,0.37567198276519775,4012.199462890625,2.94612979888916,0.9900000095367432,0.1899999976158142,0.949999988079071,0.05999999865889549,1.0,0.0,1.0,0.949999988079071,1.0,0.949999988079071,1.0,1.0,1.0,1.0,1.0
1160,-20.90900230407715,33.19999694824219,-535.4000244140625,140.7531280517578,216.05999755859375,0.07000000029802322,0.9800000190734863,21.691999435424805,64.0,1145.0,91.84713745117188,0.44847235083580017,4034.497314453125,2.929060697555542,0.9900000095367432,0.1899999976158142,0.9599999785423279,0.05000000074505806,1.0,0.0,1.0,0.949999988079071,1.0,0.949999988079071,1.0,1.0,1.0,1.0,1.0
1170,-15.173501968383789,33.19999694824219,-535.4000244140625,131.0360565185547,214.49000549316406,0.05999999865889549,0.9800000190734863,21.472000122070312,64.0,1155.0,79.53099822998047,0.3883349299430847,4060.248291015625,2.9134669303894043,0.9900000095367432,0.17000000178813934,0.9599999785423279,0.05000000074505806,1.0,0.0,1.0,0.949999988079071,1.0,0.949999988079071,1.0,1.0,1.0,1.0,1.0
1180,-15.334002494812012,33.19999694824219,-535.4000244140625,130.958251953125,215.55999755859375,0.05999999865889549,0.9800000190734863,21.583999633789062,65.0,1165.0,84.44214630126953,0.41231516003608704,4084.501708984375,2.9330267906188965,0.9900000095367432,0.18000000715255737,0.9700000286102295,0.03999999910593033,1.0,0.0,1.0,0.949999988079071,1.0,0.949999988079071,1.0,1.0,1.0,1.0,1.0
1190,-4.4795026779174805,32.29999923706055,-535.4000244140625,108.14669799804688,216.52999877929688,0.03999999910593033,0.9900000095367432,21.743999481201172,65.0,1175.0,89.61524963378906,0.43757447600364685,4107.35498046875,2.9330244064331055,0.9900000095367432,0.18000000715255737,0.9700000286102295,0.03999999910593033,1.0,0.0,1.0,0.949999988079071,1.0,0.949999988079071,1.0,1.0,1.0,1.0,1.0
1200,-9.811502456665039,32.29999923706055,-535.4000244140625,120.14649200439453,215.41000366210938,0.05000000074505806,0.9900000095367432,21.493000030517578,66.0,1185.0,82.3306655883789,0.4020051956176758,4132.22998046875,2.9525246620178223,0.9900000095367432,0.18000000715255737,0.9700000286102295,0.05000000074505806,1.0,0.0,1.0,0.949999988079071,1.0,0.949999988079071,1.0,1.0,1.0,1.0,1.0
1210,-10.260002136230469,32.29999923706055,-535.4000244140625,120.04595184326172,218.39999389648438,0.05000000074505806,0.9900000095367432,21.898000717163086,66.0,1195.0,78.9295883178711,0.38539838790893555,4158.17724609375,2.9371044635772705,0.9900000095367432,0.18000000715255737,0.9700000286102295,0.05000000074505806,1.0,0.0,1.0,0.949999988079071,1.0,0.949999988079071,1.0,1.0,1.0,1.0,1.0
1220,-11.302502632141113,32.14999771118164,-535.4000244140625,120.0123062133789,225.35000610351562,0.05000000074505806,1.0,22.53499984741211,67.0,1205.0,75.28349304199219,0.3675951659679413,4185.38134765625,2.9375996589660645,1.0,0.15000000596046448,0.9700000286102295,0.05000000074505806,1.0,0.0,1.0,0.949999988079071,1.0,0.949999988079071,1.0,1.0,1.0,1.0,1.0
1230,-11.119502067565918,32.14999771118164,-535.4000244140625,120.05448150634766,224.1300048828125,0.05000000074505806,1.0,22.413000106811523,67.0,1215.0,92.2581787109375,0.4504793882369995,4207.580078125,2.952754020690918,1.0,0.15000000596046448,0.9800000190734863,0.03999999910593033,1.0,0.0,1.0,0.949999988079071,1.0,0.949999988079071,1.0,1.0,1.0,1.0,1.0
1240,-16.963003158569336,32.14999771118164,-535.4000244140625,130.76986694335938,226.4199981689453,0.05999999865889549,1.0,22.642000198364258,68.0,1225.0,148.90911865234375,0.3635476529598236,4235.08642578125,2.9349186420440674,1.0,0.1599999964237213,0.9800000190734863,0.03999999910593033,1.0,0.0,1.0,0.949999988079071,1.0,0.949999988079071,1.0,1.0,1.0,1.0,1.0
1250,-6.027502536773682,32.14999771118164,-535.25,107.85807800292969,226.85000610351562,0.03999999910593033,1.0,22.684999465942383,68.0,1235.0,80.49127197265625,0.3930237889289856,4260.5302734375,2.9194488525390625,1.0,0.1599999964237213,0.9800000190734863,0.03999999910593033,1.0,0.0,1.0,0.949999988079071,1.0,0.949999988079071,1.0,1.0,1.0,1.0,1.0
1260,-6.501502513885498,32.14999771118164,-535.25,107.75712585449219,230.00999450683594,0.03999999910593033,1.0,23.000999450683594,68.0,1245.0,86.81983947753906,0.42392498254776,4284.11962890625,2.919598340988159,1.0,0.1599999964237213,0.9800000190734863,0.03999999910593033,1.0,0.0,1.0,0.949999988079071,1.0,0.949999988079071,1.0,1.0,1.0,1.0,1.0
1270,-6.7220025062561035,32.14999771118164,-535.25,107.70510864257812,231.47999572753906,0.03999999910593033,1.0,23.148000717163086,68.0,1255.0,78.6385498046875,0.3839772641658783,4310.16259765625,2.9196979999542236,1.0,0.1599999964237213,0.9800000190734863,0.03999999910593033,1.0,0.0,1.0,0.949999988079071,1.0,1.0,1.0,1.0,1.0,1.0,1.0
1280,-1.5145026445388794,30.199996948242188,-535.25,93.77506256103516,233.42999267578125,0.029999999329447746,1.0,23.343000411987305,68.0,1265.0,77.94046783447266,0.3805686831474304,4336.43896484375,2.9021449089050293,1.0,0.1599999964237213,0.9800000190734863,0.03999999910593033,1.0,0.0,1.0,0.949999988079071,1.0,1.0,1.0,1.0,1.0,1.0,1.0
1290,-6.987502574920654,30.199996948242188,-535.25,107.48811340332031,233.25,0.03999999910593033,0.9900000095367432,23.291000366210938,69.0,1274.0,79.61185455322266,0.3887297511100769,4362.1640625,2.902108907699585,1.0,0.1599999964237213,0.9700000286102295,0.05000000074505806,1.0,0.0,1.0,0.8999999761581421,1.0,1.0,1.0,1.0,1.0,1.0,1.0
1300,-1.7785027027130127,30.199996948242188,-535.25,93.68293762207031,235.19000244140625,0.029999999329447746,0.9900000095367432,23.509000778198242,69.0,1284.0,88.95269012451172,0.434339314699173,4385.1875,2.902082920074463,1.0,0.1599999964237213,0.9700000286102295,0.05000000074505806,1.0,0.0,1.0,0.949999988079071,1.0,1.0,1.0,1.0,1.0,1.0,1.0
1310,-1.600002646446228,30.199996948242188,-535.25,93.70953369140625,234.0,0.029999999329447746,0.9900000095367432,23.450000762939453,69.0,1294.0,79.57904052734375,0.38856953382492065,4410.9228515625,2.9043567180633545,1.0,0.15000000596046448,0.9700000286102295,0.05000000074505806,1.0,0.0,1.0,0.949999988079071,1.0,1.0,1.0,1.0,1.0,1.0,1.0
1320,-1.0105026960372925,30.199996948242188,-535.25,93.55044555664062,230.07000732421875,0.029999999329447746,0.9900000095367432,23.10300064086914,70.0,1304.0,154.92906188964844,0.3782447874546051,4437.36083984375,2.9034194946289062,1.0,0.15000000596046448,0.9700000286102295,0.05000000074505806,1.0,0.009999999776482582,1.0,0.949999988079071,1.0,1.0,1.0,1.0,1.0,1.0,1.0
1330,-6.803002834320068,28.099998474121094,-535.25,107.22327423095703,232.02000427246094,0.03999999910593033,0.9900000095367432,23.256000518798828,71.0,1314.0,92.57046508789062,0.45200422406196594,4459.484375,2.870593309402466,1.0,0.14000000059604645,0.9700000286102295,0.05000000074505806,1.0,0.009999999776482582,1.0,0.949999988079071,1.0,1.0,1.0,1.0,1.0,1.0,1.0
1340,-1.100502610206604,28.099998474121094,-530.2999877929688,93.18828582763672,230.6699981689453,0.029999999329447746,0.9900000095367432,23.114999771118164,71.0,1324.0,78.1351318359375,0.3815191984176636,4485.6953125,2.890256404876709,1.0,0.12999999523162842,0.9700000286102295,0.05000000074505806,1.0,0.009999999776482582,1.0,0.949999988079071,1.0,1.0,1.0,1.0,1.0,1.0,1.0
1350,-12.381002426147461,28.099998474121094,-534.2000122070312,119.08264923095703,232.5399932861328,0.05000000074505806,0.9800000190734863,23.277999877929688,73.0,1333.0,76.22968292236328,0.37221524119377136,4512.5615234375,2.925140380859375,0.9900000095367432,0.14000000059604645,0.9700000286102295,0.05000000074505806,1.0,0.009999999776482582,0.949999988079071,0.949999988079071,1.0,1.0,1.0,1.0,1.0,1.0,1.0
1360,-12.307502746582031,28.099998474121094,-534.2000122070312,119.09087371826172,232.0500030517578,0.05000000074505806,0.9800000190734863,23.31399917602539,73.0,1343.0,78.54585266113281,0.38352465629577637,4538.6357421875,2.907569408416748,0.9900000095367432,0.12999999523162842,0.9700000286102295,0.05000000074505806,1.0,0.009999999776482582,0.949999988079071,0.949999988079071,1.0,1.0,1.0,1.0,1.0,1.0,1.0
1370,-17.990503311157227,28.099998474121094,-534.2000122070312,129.8290557861328,233.27000427246094,0.05999999865889549,0.9800000190734863,23.441999435424805,74.0,1353.0,89.16374206542969,0.4353698194026947,4561.6044921875,2.925039529800415,0.9900000095367432,0.11999999731779099,0.9700000286102295,0.05000000074505806,1.0,0.009999999776482582,0.949999988079071,0.949999988079071,1.0,1.0,1.0,1.0,1.0,1.0,1.0
1380,-23.4845027923584,28.099998474121094,-534.7999877929688,139.59933471679688,233.22999572753906,0.07000000029802322,0.9800000190734863,23.42799949645996,75.0,1363.0,150.61764526367188,0.3677188456058502,4588.79931640625,2.9444875717163086,0.9900000095367432,0.12999999523162842,0.9700000286102295,0.05000000074505806,1.0,0.009999999776482582,0.949999988079071,0.949999988079071,1.0,1.0,1.0,1.0,1.0,1.0,1.0
1390,-23.930002212524414,28.099998474121094,-534.7999877929688,139.6641387939453,236.1999969482422,0.07000000029802322,0.9900000095367432,23.66200065612793,76.0,1373.0,76.82609558105469,0.3751274347305298,4615.45703125,2.943087100982666,0.9900000095367432,0.14000000059604645,0.9800000190734863,0.03999999910593033,1.0,0.009999999776482582,0.949999988079071,0.949999988079071,1.0,1.0,1.0,1.0,1.0,1.0,1.0
1400,-24.0830020904541,28.099998474121094,-534.7999877929688,139.62351989746094,237.22000122070312,0.07000000029802322,0.9900000095367432,23.759000778198242,76.0,1383.0,78.83513641357422,0.38493719696998596,4641.43505859375,2.9408178329467773,0.9900000095367432,0.12999999523162842,0.9800000190734863,0.03999999910593033,1.0,0.009999999776482582,0.949999988079071,0.949999988079071,1.0,1.0,1.0,1.0,1.0,1.0,1.0
1410,-35.222503662109375,28.099998474121094,-534.7999877929688,156.6268310546875,238.14999389648438,0.09000000357627869,0.9900000095367432,23.83099937438965,78.0,1393.0,88.28038024902344,0.43105655908584595,4664.6337890625,2.943146228790283,0.9900000095367432,0.14000000059604645,0.9800000190734863,0.03999999910593033,1.0,0.009999999776482582,0.949999988079071,0.949999988079071,1.0,1.0,1.0,1.0,1.0,1.0,1.0
1420,-30.565502166748047,27.499998092651367,-534.7999877929688,148.35537719726562,243.77000427246094,0.07999999821186066,0.9900000095367432,24.44099998474121,78.0,1403.0,73.03861999511719,0.35663387179374695,4692.673828125,2.9409074783325195,0.9900000095367432,0.12999999523162842,0.9900000095367432,0.029999999329447746,1.0,0.009999999776482582,0.949999988079071,0.949999988079071,1.0,1.0,1.0,1.0,1.0,1.0,1.0
1430,-26.03150177001953,27.499998092651367,-534.7999877929688,139.44528198242188,250.2100067138672,0.07000000029802322,0.9900000095367432,25.076000213623047,78.0,1413.0,138.34103393554688,0.33774664998054504,4722.28173828125,2.934006452560425,0.9900000095367432,0.11999999731779099,0.9900000095367432,0.029999999329447746,1.0,0.009999999776482582,0.949999988079071,0.949999988079071,1.0,1.0,1.0,1.0,1.0,1.0,1.0
1440,-26.90150260925293,27.499998092651367,-534.7999877929688,139.22010803222656,256.010009765625,0.07000000029802322,0.9900000095367432,25.611000061035156,78.0,1423.0,70.79329681396484,0.3456704020500183,4751.2109375,2.931676149368286,0.9900000095367432,0.11999999731779099,0.9900000095367432,0.029999999329447746,1.0,0.009999999776482582,0.949999988079071,0.949999988079071,1.0,1.0,1.0,1.0,1.0,1.0,1.0
1450,-16.459503173828125,27.499998092651367,-534.7999877929688,119.02289581298828,259.7300109863281,0.05000000074505806,1.0,25.972999572753906,78.0,1433.0,157.94805908203125,0.38561537861824036,4777.1435546875,2.9079391956329346,0.9900000095367432,0.11999999731779099,0.9900000095367432,0.029999999329447746,1.0,0.009999999776482582,0.949999988079071,0.949999988079071,1.0,1.0,1.0,1.0,1.0,1.0,1.0
1460,-22.481502532958984,27.499998092651367,-534.7999877929688,129.3625946044922,263.2099914550781,0.05999999865889549,1.0,26.320999145507812,79.0,1443.0,72.84993743896484,0.3557125926017761,4805.25634765625,2.9278674125671387,0.9900000095367432,0.11999999731779099,0.9900000095367432,0.029999999329447746,1.0,0.019999999552965164,0.949999988079071,0.949999988079071,1.0,1.0,1.0,1.0,1.0,1.0,1.0
1470,-17.625001907348633,27.499998092651367,-534.7999877929688,118.60472869873047,267.5,0.05000000074505806,1.0,26.75,79.0,1453.0,71.6861801147461,0.35003018379211426,4833.8251953125,2.925520420074463,0.9900000095367432,0.11999999731779099,0.9900000095367432,0.029999999329447746,1.0,0.019999999552965164,0.949999988079071,1.0,1.0,1.0,1.0,1.0,1.0,1.0,1.0
1480,-12.767003059387207,25.549997329711914,-534.6500244140625,106.48442077636719,271.7799987792969,0.03999999910593033,1.0,27.17799949645996,79.0,1463.0,143.97801208496094,0.3515087962150574,4862.27392578125,2.893449544906616,0.9900000095367432,0.11999999731779099,0.9900000095367432,0.029999999329447746,1.0,0.019999999552965164,0.949999988079071,1.0,1.0,1.0,1.0,1.0,1.0,1.0,1.0
1490,-7.645002841949463,25.09999656677246,-534.5,92.65077209472656,274.29998779296875,0.029999999329447746,1.0,27.43000030517578,79.0,1473.0,71.9357681274414,0.3512488901615143,4890.744140625,2.893376588821411,0.9900000095367432,0.10000000149011612,0.9900000095367432,0.019999999552965164,1.0,0.019999999552965164,0.949999988079071,1.0,1.0,1.0,1.0,1.0,1.0,1.0,1.0
1500,-7.9825029373168945,25.09999656677246,-534.5,92.58295440673828,276.54998779296875,0.029999999329447746,1.0,27.655000686645508,79.0,1483.0,83.41651916503906,0.4073072075843811,4915.29541015625,2.893211841583252,0.9900000095367432,0.10000000149011612,0.9900000095367432,0.019999999552965164,1.0,0.019999999552965164,0.949999988079071,1.0,1.0,1.0,1.0,1.0,1.0,1.0,1.0
1510,-2.9775030612945557,25.09999656677246,-535.4000244140625,76.02019500732422,279.8500061035156,0.019999999552965164,1.0,27.985000610351562,80.0,1493.0,144.0325164794922,0.3516418933868408,4943.7333984375,2.892832040786743,0.9900000095367432,0.10000000149011612,0.9900000095367432,0.019999999552965164,1.0,0.019999999552965164,0.949999988079071,1.0,1.0,1.0,1.0,1.0,1.0,1.0,1.0
1520,-3.082503080368042,25.09999656677246,-535.4000244140625,76.04564666748047,280.54998779296875,0.019999999552965164,1.0,28.05500030517578,80.0,1503.0,71.81642150878906,0.3506661355495453,4972.25048828125,2.9079580307006836,0.9900000095367432,0.10000000149011612,0.9900000095367432,0.019999999552965164,1.0,0.019999999552965164,0.949999988079071,1.0,1.0,1.0,1.0,1.0,1.0,1.0,1.0
1530,-2.965502977371216,25.09999656677246,-535.4000244140625,76.054443359375,279.7699890136719,0.019999999552965164,1.0,27.976999282836914,80.0,1513.0,135.27703857421875,0.33026620745658875,5002.529296875,2.8979299068450928,0.9900000095367432,0.10000000149011612,0.9900000095367432,0.019999999552965164,1.0,0.019999999552965164,1.0,1.0,1.0,1.0,1.0,1.0,1.0,1.0,1.0
1540,-8.16700267791748,25.09999656677246,-535.4000244140625,92.66988372802734,277.7799987792969,0.029999999329447746,1.0,27.777999877929688,81.0,1523.0,70.52960205078125,0.3443828225135803,5031.56689453125,2.8955209255218506,0.9900000095367432,0.10999999940395355,0.9900000095367432,0.019999999552965164,1.0,0.019999999552965164,1.0,1.0,1.0,1.0,1.0,1.0,1.0,1.0,1.0
1550,-7.987002849578857,25.09999656677246,-535.4000244140625,92.723388671875,276.5799865722656,0.029999999329447746,1.0,27.658000946044922,81.0,1533.0,82.63294982910156,0.40348121523857117,5056.35107421875,2.891023874282837,0.9900000095367432,0.10000000149011612,0.9900000095367432,0.019999999552965164,1.0,0.019999999552965164,1.0,1.0,1.0,1.0,1.0,1.0,1.0,1.0,1.0
1560,-7.3600029945373535,25.09999656677246,-535.4000244140625,93.09638214111328,272.3999938964844,0.029999999329447746,1.0,27.239999771118164,82.0,1543.0,78.91324615478516,0.3853185772895813,5082.3037109375,2.9051589965820312,0.9900000095367432,0.10999999940395355,0.9900000095367432,0.019999999552965164,1.0,0.019999999552965164,1.0,1.0,1.0,1.0,1.0,1.0,1.0,1.0,1.0
1570,-6.9820027351379395,27.64999771118164,-535.4000244140625,93.1831283569336,269.8800048828125,0.029999999329447746,1.0,26.988000869750977,82.0,1553.0,144.57635498046875,0.35296961665153503,5110.634765625,2.9067862033843994,0.9900000095367432,0.10000000149011612,0.9900000095367432,0.019999999552965164,1.0,0.019999999552965164,1.0,1.0,1.0,1.0,1.0,1.0,1.0,1.0,1.0
1580,-12.327503204345703,27.64999771118164,-535.4000244140625,106.97028350830078,268.8500061035156,0.03999999910593033,1.0,26.885000228881836,83.0,1563.0,73.53009033203125,0.35903364419937134,5138.4873046875,2.8673083782196045,0.9900000095367432,0.10999999940395355,1.0,0.009999999776482582,1.0,0.019999999552965164,1.0,1.0,1.0,1.0,1.0,1.0,1.0,1.0,1.0
1590,-17.09100341796875,27.64999771118164,-535.4000244140625,119.01376342773438,263.94000244140625,0.05000000074505806,1.0,26.393999099731445,84.0,1573.0,89.80603790283203,0.43850603699684143,5161.2919921875,2.867448329925537,0.9900000095367432,0.11999999731779099,1.0,0.009999999776482582,1.0,0.019999999552965164,1.0,1.0,1.0,1.0,1.0,1.0,1.0,1.0,1.0
1600,-22.498003005981445,27.64999771118164,-535.4000244140625,129.6606903076172,263.32000732421875,0.05999999865889549,1.0,26.332000732421875,85.0,1583.0,76.7521743774414,0.37476646900177,5187.97509765625,2.885035753250122,0.9900000095367432,0.12999999523162842,1.0,0.009999999776482582,1.0,0.019999999552965164,1.0,1.0,1.0,1.0,1.0,1.0,1.0,1.0,1.0
1610,-16.920001983642578,27.64999771118164,-534.9500122070312,119.04222106933594,262.79998779296875,0.05000000074505806,1.0,26.280000686645508,85.0,1593.0,142.6545867919922,0.3482777774333954,5216.68798828125,2.9041478633880615,0.9900000095367432,0.12999999523162842,1.0,0.009999999776482582,1.0,0.019999999552965164,1.0,1.0,1.0,1.0,1.0,1.0,1.0,1.0,1.0
1620,-21.71050262451172,27.64999771118164,-534.9500122070312,129.8229217529297,258.07000732421875,0.05999999865889549,1.0,25.80699920654297,86.0,1603.0,76.09156799316406,0.3715408742427826,5243.60302734375,2.921525001525879,1.0,0.12999999523162842,1.0,0.009999999776482582,1.0,0.019999999552965164,1.0,1.0,1.0,1.0,1.0,1.0,1.0,1.0,1.0
1630,-26.513002395629883,27.64999771118164,-534.9500122070312,139.60008239746094,253.4199981689453,0.07000000029802322,1.0,25.341999053955078,87.0,1613.0,86.12102508544922,0.4205128252506256,5267.38330078125,2.9429478645324707,1.0,0.12999999523162842,1.0,0.0,1.0,0.009999999776482582,1.0,1.0,1.0,1.0,1.0,1.0,1.0,1.0,1.0
1640,-20.86300277709961,27.64999771118164,-534.9500122070312,130.0447235107422,252.4199981689453,0.05999999865889549,1.0,25.242000579833984,87.0,1623.0,73.2012939453125,0.3574281930923462,5295.36083984375,2.940744161605835,1.0,0.11999999731779099,1.0,0.0,1.0,0.009999999776482582,1.0,1.0,1.0,1.0,1.0,1.0,1.0,1.0,1.0
1650,-20.483503341674805,27.64999771118164,-534.9500122070312,130.1106414794922,249.88999938964844,0.05999999865889549,1.0,24.98900032043457,87.0,1633.0,77.78026580810547,0.3797864317893982,5321.69140625,2.903456687927246,1.0,0.10999999940395355,1.0,0.0,1.0,0.009999999776482582,1.0,1.0,1.0,1.0,1.0,1.0,1.0,1.0,1.0
1660,-20.479001998901367,27.64999771118164,-534.9500122070312,129.91407775878906,249.86000061035156,0.05999999865889549,0.9900000095367432,25.0049991607666,88.0,1642.0,147.9369354248047,0.36117416620254517,5349.37890625,2.8997578620910645,1.0,0.10000000149011612,0.9900000095367432,0.009999999776482582,1.0,0.009999999776482582,1.0,1.0,1.0,0.949999988079071,1.0,1.0,1.0,1.0,1.0
1670,-36.63850402832031,27.499998092651367,-534.9500122070312,156.5196990966797,247.58999633789062,0.09000000357627869,0.9900000095367432,24.802000045776367,91.0,1652.0,86.89282989501953,0.42428138852119446,5372.9482421875,2.9344303607940674,1.0,0.12999999523162842,0.9900000095367432,0.009999999776482582,1.0,0.009999999776482582,1.0,1.0,1.0,0.949999988079071,1.0,1.0,1.0,1.0,1.0
1680,-31.02450180053711,27.499998092651367,-534.9500122070312,148.391845703125,246.8300018310547,0.07999999821186066,0.9900000095367432,24.753000259399414,91.0,1662.0,74.15753936767578,0.3620973527431488,5400.5654296875,2.949603319168091,1.0,0.11999999731779099,0.9900000095367432,0.009999999776482582,1.0,0.009999999776482582,1.0,1.0,1.0,0.949999988079071,1.0,1.0,1.0,1.0,1.0
1690,-25.81700325012207,27.499998092651367,-534.9500122070312,139.49935913085938,248.77999877929688,0.07000000029802322,0.9900000095367432,24.927000045776367,91.0,1672.0,75.06442260742188,0.3665255010128021,5427.8486328125,2.9299874305725098,1.0,0.10999999940395355,0.9900000095367432,0.009999999776482582,1.0,0.009999999776482582,1.0,1.0,1.0,0.949999988079071,1.0,1.0,1.0,1.0,1.0
1700,-20.29450225830078,27.499998092651367,-534.9500122070312,129.837890625,248.6300048828125,0.05999999865889549,0.9900000095367432,24.881000518798828,91.0,1682.0,74.76648712158203,0.36507076025009155,5455.240234375,2.927964687347412,1.0,0.10999999940395355,0.9900000095367432,0.009999999776482582,1.0,0.009999999776482582,1.0,1.0,1.0,0.949999988079071,1.0,1.0,1.0,1.0,1.0
1710,-31.150503158569336,27.499998092651367,-535.4000244140625,148.41793823242188,247.6699981689453,0.07999999821186066,0.9900000095367432,24.76300048828125,93.0,1692.0,142.4643096923828,0.3478132486343384,5483.99169921875,2.923687696456909,1.0,0.12999999523162842,0.9900000095367432,0.009999999776482582,1.0,0.009999999776482582,1.0,1.0,1.0,0.949999988079071,1.0,1.0,1.0,1.0,1.0
1720,-25.61300277709961,30.499998092651367,-535.4000244140625,139.60853576660156,247.4199981689453,0.07000000029802322,0.9900000095367432,24.795000076293945,93.0,1702.0,85.31327819824219,0.41656872630119324,5507.9970703125,2.9020707607269287,1.0,0.12999999523162842,0.9900000095367432,0.009999999776482582,1.0,0.009999999776482582,1.0,1.0,1.0,0.949999988079071,1.0,1.0,1.0,1.0,1.0
1730,-25.805002212524414,30.499998092651367,-535.4000244140625,139.3679962158203,248.6999969482422,0.07000000029802322,0.9900000095367432,24.920000076293945,94.0,1712.0,75.37152099609375,0.368025004863739,5535.16943359375,2.9000284671783447,1.0,0.12999999523162842,0.9900000095367432,0.019999999552965164,1.0,0.009999999776482582,1.0,1.0,1.0,0.949999988079071,1.0,1.0,1.0,1.0,1.0
1740,-25.25750160217285,30.499998092651367,-535.4000244140625,139.4934539794922,245.0500030517578,0.07000000029802322,0.9900000095367432,24.618000030517578,94.0,1722.0,76.83746337890625,0.3751829266548157,5561.82275390625,2.8801889419555664,1.0,0.12999999523162842,0.9900000095367432,0.019999999552965164,1.0,0.009999999776482582,1.0,1.0,1.0,0.949999988079071,1.0,1.0,1.0,1.0,1.0
1750,-30.38700294494629,30.499998092651367,-535.4000244140625,148.4828338623047,242.5800018310547,0.07999999821186066,0.9900000095367432,24.301000595092773,95.0,1732.0,89.74057006835938,0.4381864070892334,5584.64404296875,2.8622853755950928,1.0,0.14000000059604645,0.9900000095367432,0.019999999552965164,1.0,0.009999999776482582,1.0,1.0,1.0,0.949999988079071,1.0,1.0,1.0,1.0,1.0
1760,-30.817502975463867,30.499998092651367,-535.4000244140625,148.36508178710938,245.4499969482422,0.07999999821186066,0.9900000095367432,24.576000213623047,96.0,1741.0,142.67318725585938,0.3483232259750366,5613.35302734375,2.8752386569976807,1.0,0.14000000059604645,0.9800000190734863,0.029999999329447746,1.0,0.009999999776482582,1.0,0.949999988079071,1.0,0.949999988079071,1.0,1.0,1.0,1.0,1.0
1770,-14.664002418518066,30.499998092651367,-535.4000244140625,119.16532897949219,247.75999450683594,0.05000000074505806,0.9900000095367432,24.871999740600586,96.0,1751.0,74.20526885986328,0.3623304069042206,5640.9521484375,2.8727877140045166,1.0,0.14000000059604645,0.9800000190734863,0.029999999329447746,1.0,0.009999999776482582,1.0,0.949999988079071,1.0,0.949999988079071,1.0,1.0,1.0,1.0,1.0
1780,-14.370002746582031,30.499998092651367,-535.4000244140625,119.24179077148438,245.8000030517578,0.05000000074505806,0.9900000095367432,24.656999588012695,96.0,1761.0,75.68489837646484,0.36955514550209045,5668.01171875,2.835263729095459,1.0,0.14000000059604645,0.9800000190734863,0.029999999329447746,1.0,0.0,1.0,0.949999988079071,1.0,0.949999988079071,1.0,1.0,1.0,1.0,1.0
1790,-14.155502319335938,30.499998092651367,-535.4000244140625,119.3043441772461,244.3699951171875,0.05000000074505806,0.9900000095367432,24.472000122070312,96.0,1771.0,85.86663055419922,0.41927066445350647,5691.86279296875,2.7803092002868652,1.0,0.12999999523162842,0.9800000190734863,0.029999999329447746,1.0,0.0,1.0,0.949999988079071,1.0,0.949999988079071,1.0,1.0,1.0,1.0,1.0
1800,-14.155502319335938,30.499998092651367,-535.4000244140625,119.29672241210938,244.3699951171875,0.05000000074505806,0.9900000095367432,24.395999908447266,96.0,1781.0,73.16747283935547,0.3572630286216736,5719.853515625,2.784271478652954,1.0,0.12999999523162842,0.9800000190734863,0.029999999329447746,1.0,0.0,1.0,0.949999988079071,1.0,0.949999988079071,1.0,1.0,1.0,1.0,1.0
1810,-3.0340027809143066,30.499998092651367,-534.9500122070312,93.25395202636719,243.55999755859375,0.029999999329447746,0.9900000095367432,24.454999923706055,96.0,1791.0,145.36412048339844,0.35489287972450256,5748.03076171875,2.784297466278076,1.0,0.12999999523162842,0.9800000190734863,0.029999999329447746,1.0,0.0,1.0,0.949999988079071,1.0,0.949999988079071,1.0,1.0,1.0,1.0,1.0
1820,-2.8645026683807373,27.64999771118164,-534.9500122070312,93.25466918945312,242.42999267578125,0.029999999329447746,0.9900000095367432,24.268999099731445,96.0,1801.0,76.49518585205078,0.3735116422176361,5774.8037109375,2.7866530418395996,1.0,0.12999999523162842,0.9800000190734863,0.029999999329447746,1.0,0.0,1.0,0.949999988079071,1.0,0.949999988079071,1.0,1.0,1.0,1.0,1.0
1830,3.178497314453125,27.64999771118164,-534.9500122070312,76.86579132080078,238.80999755859375,0.019999999552965164,0.9900000095367432,23.990999221801758,96.0,1811.0,90.17598724365234,0.4403124451637268,5797.51513671875,2.7871410846710205,1.0,0.11999999731779099,0.9800000190734863,0.029999999329447746,1.0,0.0,1.0,0.949999988079071,1.0,0.949999988079071,1.0,1.0,1.0,1.0,1.0
1840,3.53849720954895,30.499998092651367,-534.9500122070312,76.920166015625,236.41000366210938,0.019999999552965164,0.9900000095367432,23.66200065612793,96.0,1821.0,79.24191284179688,0.3869233727455139,5823.35986328125,2.769883632659912,1.0,0.11999999731779099,0.9800000190734863,0.029999999329447746,1.0,0.0,1.0,0.949999988079071,1.0,1.0,1.0,1.0,1.0,1.0,1.0
1850,9.203496932983398,31.849998474121094,-529.7000122070312,54.675193786621094,235.30999755859375,0.009999999776482582,0.9900000095367432,23.51300048828125,96.0,1831.0,77.69001007080078,0.37934574484825134,5849.72119140625,2.7679126262664795,1.0,0.11999999731779099,0.9800000190734863,0.029999999329447746,1.0,0.0,1.0,0.949999988079071,1.0,1.0,1.0,1.0,1.0,1.0,1.0
1860,9.906996726989746,31.849998474121094,-529.25,54.61072540283203,230.6199951171875,0.009999999776482582,0.9900000095367432,23.06999969482422,97.0,1840.0,78.60395050048828,0.38380834460258484,5875.77587890625,2.7548887729644775,0.9900000095367432,0.11999999731779099,0.9800000190734863,0.029999999329447746,1.0,0.0,1.0,0.8999999761581421,1.0,1.0,1.0,1.0,1.0,1.0,1.0
1870,10.409497261047363,31.849998474121094,-529.25,54.61653518676758,227.27000427246094,0.009999999776482582,0.9900000095367432,22.72599983215332,97.0,1850.0,86.59879302978516,0.4228456914424896,5899.42529296875,2.7352347373962402,0.9900000095367432,0.11999999731779099,0.9800000190734863,0.029999999329447746,1.0,0.0,1.0,0.8999999761581421,1.0,1.0,1.0,1.0,1.0,1.0,1.0
1880,10.443997383117676,31.849998474121094,-529.25,54.61471939086914,227.0399932861328,0.009999999776482582,0.9900000095367432,22.716999053955078,97.0,1860.0,73.2589340209961,0.3577096462249756,5927.380859375,2.7201406955718994,0.9900000095367432,0.11999999731779099,0.9800000190734863,0.029999999329447746,1.0,0.0,1.0,0.8999999761581421,1.0,1.0,1.0,1.0,1.0,1.0,1.0
1890,10.293996810913086,31.849998474121094,-529.25,54.577091217041016,228.0399932861328,0.009999999776482582,0.9900000095367432,22.770000457763672,97.0,1870.0,85.89759063720703,0.41942182183265686,5951.22314453125,2.686621904373169,0.9900000095367432,0.10000000149011612,0.9800000190734863,0.029999999329447746,1.0,0.0,1.0,0.8999999761581421,1.0,1.0,1.0,1.0,1.0,1.0,1.0
1900,10.451497077941895,31.849998474121094,-529.25,54.56607437133789,226.99000549316406,0.009999999776482582,0.9900000095367432,22.847000122070312,97.0,1880.0,77.04583740234375,0.3762003779411316,5977.8046875,2.668867588043213,0.9900000095367432,0.10000000149011612,0.9800000190734863,0.029999999329447746,1.0,0.0,1.0,0.8999999761581421,1.0,1.0,1.0,1.0,1.0,1.0,1.0
1910,5.227497100830078,31.849998474121094,-534.5,76.95743560791016,225.14999389648438,0.019999999552965164,0.9900000095367432,22.558000564575195,98.0,1890.0,150.24337768554688,0.36680513620376587,6005.06689453125,2.6645398139953613,0.9900000095367432,0.10000000149011612,0.9800000190734863,0.029999999329447746,1.0,0.0,1.0,0.8999999761581421,1.0,1.0,1.0,1.0,1.0,1.0,1.0
1920,-0.4090026319026947,31.849998474121094,-534.5,93.60090637207031,226.05999755859375,0.029999999329447746,0.9900000095367432,22.618000030517578,99.0,1900.0,75.7032241821289,0.3696446418762207,6032.1201171875,2.6647746562957764,0.9900000095367432,0.10000000149011612,0.9800000190734863,0.03999999910593033,1.0,0.0,1.0,0.8999999761581421,1.0,1.0,1.0,1.0,1.0,1.0,1.0
1930,-1.2430026531219482,31.849998474121094,-534.5,93.49164581298828,231.6199951171875,0.029999999329447746,0.9900000095367432,23.208999633789062,99.0,1910.0,80.37998962402344,0.39248043298721313,6057.59912109375,2.64446759223938,0.9900000095367432,0.09000000357627869,0.9800000190734863,0.03999999910593033,1.0,0.0,1.0,0.8999999761581421,1.0,1.0,1.0,1.0,1.0,1.0,1.0
1940,-7.359502792358398,31.849998474121094,-534.5,107.15062713623047,235.72999572753906,0.03999999910593033,0.9800000190734863,23.555999755859375,100.0,1919.0,72.62964630126953,0.3546369671821594,6085.796875,2.624629497528076,0.9900000095367432,0.09000000357627869,0.9800000190734863,0.03999999910593033,0.9900000095367432,0.009999999776482582,1.0,0.949999988079071,1.0,1.0,1.0,0.949999988079071,1.0,1.0,1.0
1950,-8.394502639770508,27.499998092651367,-534.5,106.94190979003906,242.6300048828125,0.03999999910593033,0.9800000190734863,24.323999404907227,100.0,1929.0,137.60487365722656,0.3359494209289551,6115.5634765625,2.6135451793670654,0.9900000095367432,0.07999999821186066,0.9900000095367432,0.029999999329447746,0.9900000095367432,0.009999999776482582,1.0,0.949999988079071,1.0,1.0,1.0,0.949999988079071,1.0,1.0,1.0
1960,-3.6640026569366455,27.499998092651367,-534.5,93.16902160644531,247.75999450683594,0.029999999329447746,0.9900000095367432,24.834999084472656,100.0,1939.0,71.74284362792969,0.35030683875083923,6144.10986328125,2.5916833877563477,0.9900000095367432,0.07999999821186066,0.9900000095367432,0.029999999329447746,0.9900000095367432,0.009999999776482582,1.0,0.949999988079071,1.0,1.0,1.0,0.949999988079071,1.0,1.0,1.0
1970,-4.2385029792785645,27.499998092651367,-534.5,93.08424377441406,251.58999633789062,0.029999999329447746,0.9900000095367432,25.20599937438965,100.0,1949.0,71.5176010131836,0.3492070436477661,6172.74609375,2.5893521308898926,0.9900000095367432,0.07999999821186066,0.9900000095367432,0.029999999329447746,0.9900000095367432,0.009999999776482582,1.0,0.949999988079071,1.0,1.0,1.0,0.949999988079071,1.0,1.0,1.0
1980,-4.939002990722656,27.499998092651367,-534.5,92.98793029785156,256.260009765625,0.029999999329447746,0.9900000095367432,25.60700035095215,100.0,1959.0,151.4239501953125,0.36968737840652466,6199.7958984375,2.547549247741699,0.9900000095367432,0.07999999821186066,0.9900000095367432,0.029999999329447746,0.9900000095367432,0.009999999776482582,1.0,0.949999988079071,1.0,1.0,1.0,0.949999988079071,1.0,1.0,1.0
1990,-4.877502918243408,27.499998092651367,-534.5,92.99176025390625,255.85000610351562,0.029999999329447746,0.9900000095367432,25.615999221801758,100.0,1969.0,75.46784210205078,0.36849531531333923,6226.93359375,2.546992301940918,0.9900000095367432,0.07999999821186066,0.9900000095367432,0.029999999329447746,0.9900000095367432,0.009999999776482582,1.0,0.949999988079071,1.0,1.0,1.0,0.949999988079071,1.0,1.0,1.0
2000,-5.320003032684326,27.499998092651367,-534.5,92.92762756347656,258.79998779296875,0.029999999329447746,0.9900000095367432,25.961999893188477,100.0,1979.0,72.18347930908203,0.3524584174156189,6255.3056640625,2.542539596557617,0.9900000095367432,0.07000000029802322,0.9900000095367432,0.029999999329447746,0.9900000095367432,0.009999999776482582,1.0,0.949999988079071,1.0,1.0,1.0,0.949999988079071,1.0,1.0,1.0
2010,-0.2835029363632202,27.499998092651367,-530.75,76.13892364501953,261.8900146484375,0.019999999552965164,0.9900000095367432,26.235000610351562,100.0,1989.0,71.29751586914062,0.3481324017047882,6284.0302734375,2.51826548576355,0.9900000095367432,0.05000000074505806,0.9900000095367432,0.029999999329447746,0.9900000095367432,0.009999999776482582,1.0,0.949999988079071,1.0,1.0,1.0,0.949999988079071,1.0,1.0,1.0
2020,5.235997200012207,28.999998092651367,-530.4500122070312,54.36076736450195,261.760009765625,0.009999999776482582,0.9900000095367432,26.22599983215332,100.0,1999.0,74.87744903564453,0.36561253666877747,6311.3818359375,2.518205404281616,0.9900000095367432,0.05000000074505806,0.9900000095367432,0.019999999552965164,0.9900000095367432,0.009999999776482582,1.0,0.949999988079071,1.0,1.0,1.0,0.949999988079071,1.0,1.0,1.0
2030,0.24299709498882294,28.999998092651367,-535.25,76.53028106689453,258.3800048828125,0.019999999552965164,0.9900000095367432,25.93000030517578,101.0,2009.0,163.32809448242188,0.3987502157688141,6336.4599609375,2.5138015747070312,0.9900000095367432,0.05000000074505806,0.9900000095367432,0.019999999552965164,0.9900000095367432,0.009999999776482582,1.0,0.949999988079071,1.0,1.0,1.0,0.949999988079071,1.0,1.0,1.0
2040,0.2864970862865448,29.14999771118164,-535.25,76.83399200439453,258.0899963378906,0.019999999552965164,1.0,25.80900001525879,102.0,2019.0,75.8519287109375,0.3703707456588745,6363.4599609375,2.5302183628082275,0.9900000095367432,0.05000000074505806,0.9900000095367432,0.019999999552965164,0.9900000095367432,0.009999999776482582,1.0,1.0,1.0,1.0,1.0,0.949999988079071,1.0,1.0,1.0
2050,0.6704971194267273,29.14999771118164,-535.25,76.87802124023438,255.52999877929688,0.019999999552965164,1.0,25.55299949645996,102.0,2029.0,74.5122299194336,0.36382925510406494,6390.9453125,2.5152688026428223,0.9900000095367432,0.05000000074505806,0.9900000095367432,0.019999999552965164,0.9900000095367432,0.009999999776482582,1.0,1.0,1.0,1.0,1.0,0.949999988079071,1.0,1.0,1.0
2060,-4.5460028648376465,29.14999771118164,-535.25,93.39418029785156,253.63999938964844,0.029999999329447746,1.0,25.36400032043457,103.0,2039.0,74.62440490722656,0.364376962184906,6418.3896484375,2.5111238956451416,0.9900000095367432,0.05000000074505806,1.0,0.019999999552965164,0.9900000095367432,0.009999999776482582,1.0,1.0,1.0,1.0,1.0,0.949999988079071,1.0,1.0,1.0
2070,-14.986502647399902,29.14999771118164,-535.25,119.11162567138672,249.91000366210938,0.05000000074505806,1.0,24.990999221801758,105.0,2049.0,87.10831451416016,0.42533355951309204,6441.900390625,2.5133132934570312,0.9900000095367432,0.05000000074505806,1.0,0.029999999329447746,0.9900000095367432,0.009999999776482582,1.0,1.0,1.0,1.0,1.0,0.949999988079071,1.0,1.0,1.0
2080,-19.874502182006836,29.14999771118164,-535.25,129.94642639160156,245.8300018310547,0.05999999865889549,1.0,24.58300018310547,106.0,2059.0,145.44635009765625,0.3550936281681061,6470.06201171875,2.5659143924713135,0.9900000095367432,0.05999999865889549,1.0,0.029999999329447746,0.9900000095367432,0.009999999776482582,1.0,1.0,1.0,1.0,1.0,0.949999988079071,1.0,1.0,1.0
2090,-20.104001998901367,29.14999771118164,-535.25,129.88845825195312,247.36000061035156,0.05999999865889549,1.0,24.736000061035156,106.0,2069.0,73.00071716308594,0.35644882917404175,6498.11669921875,2.563779592514038,0.9900000095367432,0.05999999865889549,1.0,0.029999999329447746,0.9900000095367432,0.009999999776482582,1.0,1.0,1.0,1.0,1.0,0.949999988079071,1.0,1.0,1.0
2100,-20.473003387451172,29.14999771118164,-535.25,129.8108673095703,249.82000732421875,0.05999999865889549,1.0,24.98200035095215,106.0,2079.0,68.33677673339844,0.33367565274238586,6528.0859375,2.559173583984375,0.9900000095367432,0.05999999865889549,1.0,0.029999999329447746,0.9900000095367432,0.009999999776482582,1.0,1.0,1.0,1.0,1.0,0.949999988079071,1.0,1.0,1.0
2110,-20.43850326538086,29.14999771118164,-535.25,129.81724548339844,249.58999633789062,0.05999999865889549,1.0,24.958999633789062,106.0,2089.0,138.01365661621094,0.33694741129875183,6557.76416015625,2.534306049346924,0.9900000095367432,0.05999999865889549,1.0,0.029999999329447746,0.9900000095367432,0.009999999776482582,1.0,1.0,1.0,1.0,1.0,0.949999988079071,1.0,1.0,1.0
2120,-25.748003005981445,29.14999771118164,-535.25,139.46728515625,248.32000732421875,0.07000000029802322,1.0,24.832000732421875,107.0,2099.0,85.65713500976562,0.4182477295398712,6581.67333984375,2.5531251430511475,0.9900000095367432,0.07000000029802322,1.0,0.029999999329447746,0.9900000095367432,0.009999999776482582,1.0,1.0,1.0,1.0,1.0,1.0,1.0,1.0,1.0
2130,-20.771503448486328,29.14999771118164,-534.9500122070312,129.6511993408203,251.80999755859375,0.05999999865889549,1.0,25.180999755859375,107.0,2109.0,70.1869125366211,0.3427095413208008,6610.8525390625,2.548677682876587,0.9900000095367432,0.07000000029802322,1.0,0.029999999329447746,0.9900000095367432,0.009999999776482582,1.0,1.0,1.0,1.0,1.0,1.0,1.0,1.0,1.0
2140,-15.132002830505371,29.14999771118164,-534.9500122070312,118.98680114746094,250.8800048828125,0.05000000074505806,1.0,25.08799934387207,107.0,2119.0,75.88654327392578,0.37053975462913513,6637.84033203125,2.531613826751709,0.9900000095367432,0.07000000029802322,1.0,0.029999999329447746,0.9900000095367432,0.009999999776482582,1.0,1.0,1.0,1.0,1.0,1.0,1.0,1.0,1.0
2150,-14.673002243041992,29.14999771118164,-534.9500122070312,119.10356140136719,247.82000732421875,0.05000000074505806,1.0,24.781999588012695,107.0,2129.0,76.6639404296875,0.3743356466293335,6664.55419921875,2.5291895866394043,0.9900000095367432,0.07000000029802322,1.0,0.029999999329447746,0.9900000095367432,0.009999999776482582,1.0,1.0,1.0,1.0,1.0,1.0,1.0,1.0,1.0
2160,-9.131002426147461,29.14999771118164,-534.9500122070312,107.18907928466797,247.5399932861328,0.03999999910593033,1.0,24.753999710083008,107.0,2139.0,81.68596649169922,0.3988572359085083,6689.6259765625,2.511467933654785,0.9900000095367432,0.07000000029802322,1.0,0.029999999329447746,0.9900000095367432,0.009999999776482582,1.0,1.0,1.0,1.0,1.0,1.0,1.0,1.0,1.0
2170,1.6214971542358398,29.14999771118164,-534.9500122070312,76.83963775634766,249.19000244140625,0.019999999552965164,1.0,24.91900062561035,107.0,2149.0,147.21182250976562,0.3594038486480713,6717.44970703125,2.4763457775115967,0.9900000095367432,0.07000000029802322,1.0,0.029999999329447746,0.9900000095367432,0.009999999776482582,1.0,1.0,1.0,1.0,1.0,1.0,1.0,1.0,1.0
2180,1.42799711227417,29.14999771118164,-534.5,76.76509094238281,250.47999572753906,0.019999999552965164,1.0,25.04800033569336,108.0,2159.0,72.16340637207031,0.35236039757728577,6745.82958984375,2.4588489532470703,1.0,0.07000000029802322,1.0,0.029999999329447746,0.9900000095367432,0.009999999776482582,1.0,1.0,1.0,1.0,1.0,1.0,1.0,1.0,1.0
2190,1.930497169494629,29.14999771118164,-534.5,76.84721374511719,247.1300048828125,0.019999999552965164,1.0,24.71299934387207,108.0,2169.0,76.85370635986328,0.37526223063468933,6772.47802734375,2.459085702896118,1.0,0.07000000029802322,1.0,0.019999999552965164,0.9900000095367432,0.009999999776482582,1.0,1.0,1.0,1.0,1.0,1.0,1.0,1.0,1.0
2200,-13.882502555847168,29.14999771118164,-535.25,119.39442443847656,242.5500030517578,0.05000000074505806,1.0,24.2549991607666,111.0,2179.0,81.88153076171875,0.39981216192245483,6797.48974609375,2.478910207748413,1.0,0.09000000357627869,1.0,0.029999999329447746,0.9900000095367432,0.009999999776482582,1.0,1.0,1.0,1.0,1.0,1.0,1.0,1.0,1.0
2210,-19.325502395629883,29.14999771118164,-535.25,130.0404510498047,242.1699981689453,0.05999999865889549,1.0,24.216999053955078,112.0,2189.0,65.92875671386719,0.3219177722930908,6828.55322265625,2.512817144393921,1.0,0.10000000149011612,1.0,0.029999999329447746,0.9900000095367432,0.009999999776482582,1.0,1.0,1.0,1.0,1.0,1.0,1.0,1.0,1.0
2220,-14.760003089904785,28.549997329711914,-535.25,119.19224548339844,248.39999389648438,0.05000000074505806,1.0,24.84000015258789,112.0,2199.0,109.70297241210938,0.2678295075893402,6865.890625,2.490494966506958,1.0,0.10000000149011612,1.0,0.029999999329447746,0.9900000095367432,0.009999999776482582,1.0,1.0,1.0,1.0,1.0,1.0,1.0,1.0,1.0
2230,-15.09000301361084,28.549997329711914,-535.25,119.1203384399414,250.60000610351562,0.05000000074505806,1.0,25.059999465942383,112.0,2209.0,42.4474983215332,0.20726318657398224,6914.13818359375,2.4706332683563232,1.0,0.10000000149011612,1.0,0.029999999329447746,0.9900000095367432,0.009999999776482582,1.0,1.0,1.0,1.0,1.0,1.0,1.0,1.0,1.0
2240,-16.018503189086914,28.549997329711914,-535.25,118.9334716796875,256.7900085449219,0.05000000074505806,1.0,25.679000854492188,112.0,2219.0,101.4397201538086,0.24765557050704956,6954.51708984375,2.4677274227142334,1.0,0.09000000357627869,1.0,0.029999999329447746,1.0,0.0,1.0,1.0,1.0,1.0,1.0,1.0,1.0,1.0,1.0
2250,-22.393003463745117,21.199996948242188,-535.25,129.35507202148438,262.6199951171875,0.05999999865889549,1.0,26.261999130249023,113.0,2229.0,56.059757232666016,0.2737292945384979,6991.0498046875,2.4874789714813232,1.0,0.10000000149011612,1.0,0.029999999329447746,1.0,0.0,1.0,1.0,1.0,1.0,1.0,1.0,1.0,1.0,1.0
2260,-22.78600311279297,21.199996948242188,-535.25,129.2509002685547,265.239990234375,0.05999999865889549,1.0,26.52400016784668,113.0,2239.0,54.65061950683594,0.26684874296188354,7028.52392578125,2.4899497032165527,1.0,0.10000000149011612,1.0,0.029999999329447746,1.0,0.0,1.0,1.0,1.0,1.0,1.0,1.0,1.0,1.0,1.0
2270,-28.63100242614746,20.749998092651367,-535.8499755859375,138.7958984375,267.5400085449219,0.07000000029802322,1.0,26.753999710083008,114.0,2249.0,108.46829223632812,0.26481518149375916,7066.2861328125,2.4914472103118896,1.0,0.10999999940395355,1.0,0.029999999329447746,1.0,0.0,1.0,1.0,1.0,1.0,1.0,1.0,1.0,1.0,1.0
2280,-23.401002883911133,20.749998092651367,-535.8499755859375,129.1327362060547,269.3399963378906,0.05999999865889549,1.0,26.93400001525879,114.0,2259.0,55.380287170410156,0.27041158080101013,7103.26708984375,2.4938454627990723,1.0,0.10999999940395355,1.0,0.029999999329447746,1.0,0.0,1.0,1.0,1.0,1.0,1.0,1.0,1.0,1.0,1.0
2290,-29.358503341674805,20.449996948242188,-535.8499755859375,138.58535766601562,272.3900146484375,0.07000000029802322,1.0,27.23900032043457,115.0,2269.0,52.41794204711914,0.2559469938278198,7142.33740234375,2.495640993118286,1.0,0.11999999731779099,1.0,0.029999999329447746,1.0,0.0,1.0,1.0,1.0,1.0,1.0,1.0,1.0,1.0,1.0
2300,-23.882503509521484,20.449996948242188,-535.8499755859375,128.94754028320312,272.54998779296875,0.05999999865889549,1.0,27.2549991607666,117.0,2279.0,57.13627624511719,0.27898573875427246,7178.181640625,2.5306451320648193,1.0,0.12999999523162842,1.0,0.03999999910593033,1.0,0.0,1.0,1.0,1.0,1.0,1.0,1.0,1.0,1.0,1.0
2310,-29.21600341796875,25.999998092651367,-535.8499755859375,138.5185546875,271.44000244140625,0.07000000029802322,1.0,27.143999099731445,119.0,2289.0,112.97100067138672,0.2758081257343292,7214.4384765625,2.5730679035186768,1.0,0.12999999523162842,1.0,0.05000000074505806,1.0,0.0,1.0,1.0,1.0,1.0,1.0,1.0,1.0,1.0,1.0
2320,-28.77650260925293,26.299997329711914,-535.8499755859375,138.64068603515625,268.510009765625,0.07000000029802322,1.0,26.85099983215332,119.0,2299.0,56.79979705810547,0.2773427665233612,7250.4951171875,2.5733673572540283,1.0,0.11999999731779099,1.0,0.05000000074505806,1.0,0.0,1.0,1.0,1.0,1.0,1.0,1.0,1.0,1.0,1.0
2330,-28.113502502441406,26.299997329711914,-535.8499755859375,138.81939697265625,264.0899963378906,0.07000000029802322,1.0,26.409000396728516,119.0,2309.0,57.858280181884766,0.2825111448764801,7285.89208984375,2.573594093322754,1.0,0.11999999731779099,1.0,0.05000000074505806,1.0,0.0,1.0,1.0,1.0,1.0,1.0,1.0,1.0,1.0,1.0
2340,-27.549503326416016,26.299997329711914,-535.8499755859375,138.953369140625,260.3299865722656,0.07000000029802322,1.0,26.033000946044922,119.0,2319.0,56.414947509765625,0.27546361088752747,7322.1943359375,2.5584988594055176,1.0,0.11999999731779099,1.0,0.05000000074505806,1.0,0.0,1.0,1.0,1.0,1.0,1.0,1.0,1.0,1.0,1.0
2350,-27.020002365112305,26.299997329711914,-535.8499755859375,138.8964385986328,256.79998779296875,0.07000000029802322,0.9900000095367432,25.77400016784668,120.0,2328.0,113.46607971191406,0.2770167887210846,7358.29345703125,2.5813682079315186,1.0,0.11999999731779099,0.9900000095367432,0.05999999865889549,1.0,0.0,1.0,1.0,1.0,0.949999988079071,1.0,1.0,1.0,1.0,1.0
2360,-32.01000213623047,26.299997329711914,-535.8499755859375,147.71046447753906,253.39999389648438,0.07999999821186066,0.9900000095367432,25.413999557495117,121.0,2338.0,58.779788970947266,0.28701069951057434,7393.13525390625,2.583982229232788,1.0,0.11999999731779099,0.9900000095367432,0.03999999910593033,1.0,0.009999999776482582,1.0,1.0,1.0,0.949999988079071,1.0,1.0,1.0,1.0,1.0
2370,-26.447002410888672,26.299997329711914,-535.5499877929688,138.8499298095703,252.97999572753906,0.07000000029802322,0.9900000095367432,25.35700035095215,121.0,2348.0,55.99588394165039,0.2734174132347107,7429.70947265625,2.5863678455352783,1.0,0.10999999940395355,0.9900000095367432,0.03999999910593033,1.0,0.009999999776482582,1.0,1.0,1.0,0.949999988079071,1.0,1.0,1.0,1.0,1.0
2380,-26.43050193786621,26.299997329711914,-535.5499877929688,138.85963439941406,252.8699951171875,0.07000000029802322,0.9900000095367432,25.375,121.0,2358.0,54.6485481262207,0.26683861017227173,7467.18505859375,2.5689644813537598,1.0,0.10000000149011612,0.9900000095367432,0.03999999910593033,1.0,0.009999999776482582,1.0,1.0,1.0,0.949999988079071,1.0,1.0,1.0,1.0,1.0
2390,-26.261001586914062,26.299997329711914,-535.5499877929688,138.88502502441406,251.74000549316406,0.07000000029802322,0.9900000095367432,25.204999923706055,122.0,2368.0,59.42452621459961,0.29015880823135376,7501.64892578125,2.5667712688446045,1.0,0.10999999940395355,0.9900000095367432,0.03999999910593033,1.0,0.009999999776482582,1.0,1.0,1.0,0.949999988079071,1.0,1.0,1.0,1.0,1.0
2400,-15.669002532958984,26.299997329711914,-535.5499877929688,118.5972671508789,254.4600067138672,0.05000000074505806,0.9900000095367432,25.469999313354492,122.0,2378.0,105.22358703613281,0.256893515586853,7540.57568359375,2.5851564407348633,1.0,0.10999999940395355,0.9900000095367432,0.03999999910593033,1.0,0.009999999776482582,1.0,1.0,1.0,0.949999988079071,1.0,1.0,1.0,1.0,1.0
2410,-15.9870023727417,26.299997329711914,-535.25,118.64683532714844,256.5799865722656,0.05000000074505806,0.9900000095367432,25.670000076293945,124.0,2388.0,56.310211181640625,0.2749522030353546,7576.94580078125,2.562973737716675,1.0,0.11999999731779099,0.9900000095367432,0.03999999910593033,1.0,0.009999999776482582,1.0,1.0,1.0,0.949999988079071,1.0,1.0,1.0,1.0,1.0
2420,-15.591002464294434,23.59999656677246,-535.25,118.74172973632812,253.94000244140625,0.05000000074505806,0.9900000095367432,25.48200035095215,124.0,2398.0,59.347023010253906,0.2897803783416748,7611.45458984375,2.582766056060791,1.0,0.11999999731779099,0.9900000095367432,0.03999999910593033,1.0,0.009999999776482582,1.0,1.0,1.0,0.949999988079071,1.0,1.0,1.0,1.0,1.0
2430,-15.507002830505371,26.89999771118164,-535.25,118.78728485107422,253.3800048828125,0.05000000074505806,0.9900000095367432,25.329999923706055,124.0,2408.0,57.05373001098633,0.2785826623439789,7647.3505859375,2.56856369972229,1.0,0.11999999731779099,0.9900000095367432,0.03999999910593033,1.0,0.009999999776482582,1.0,1.0,1.0,0.949999988079071,1.0,1.0,1.0,1.0,1.0
2440,-20.43850326538086,29.749998092651367,-535.25,129.41415405273438,249.58999633789062,0.05999999865889549,0.9800000190734863,25.14900016784668,125.0,2417.0,118.68118286132812,0.2897489666938782,7681.86328125,2.5708956718444824,1.0,0.11999999731779099,0.9800000190734863,0.05000000074505806,1.0,0.009999999776482582,1.0,1.0,1.0,0.8999999761581421,1.0,1.0,1.0,1.0,1.0
2450,-14.598002433776855,29.749998092651367,-535.25,119.02433013916016,247.32000732421875,0.05000000074505806,0.9900000095367432,24.825000762939453,125.0,2427.0,61.137699127197266,0.2985239028930664,7715.361328125,2.5533509254455566,1.0,0.11999999731779099,0.9800000190734863,0.05000000074505806,1.0,0.009999999776482582,1.0,1.0,1.0,0.8999999761581421,1.0,1.0,1.0,1.0,1.0
2460,-14.5155029296875,29.749998092651367,-535.25,119.2646713256836,246.77000427246094,0.05000000074505806,0.9900000095367432,24.70199966430664,126.0,2437.0,58.377410888671875,0.28504595160484314,7750.443359375,2.575261354446411,1.0,0.12999999523162842,0.9800000190734863,0.05000000074505806,1.0,0.009999999776482582,1.0,1.0,1.0,0.8999999761581421,1.0,1.0,1.0,1.0,1.0
2470,-19.541501998901367,29.749998092651367,-535.25,129.89378356933594,243.61000061035156,0.05999999865889549,0.9900000095367432,24.413999557495117,127.0,2447.0,59.11265563964844,0.2886360287666321,7785.08935546875,2.5950000286102295,1.0,0.12999999523162842,0.9800000190734863,0.05999999865889549,1.0,0.009999999776482582,1.0,1.0,1.0,0.8999999761581421,1.0,1.0,1.0,1.0,1.0
2480,-24.804502487182617,29.749998092651367,-535.25,139.48687744140625,242.02999877929688,0.07000000029802322,0.9900000095367432,24.312999725341797,128.0,2457.0,0.25257161259651184,0.001233259798027575,15893.6806640625,2.6125714778900146,1.0,0.11999999731779099,0.9800000190734863,0.07000000029802322,1.0,0.009999999776482582,1.0,1.0,1.0,0.8999999761581421,1.0,1.0,1.0,1.0,1.0
2490,-19.531002044677734,29.749998092651367,-535.25,129.74826049804688,243.5399932861328,0.05999999865889549,0.9900000095367432,24.386999130249023,128.0,2467.0,46.52006149291992,0.22714874148368835,15937.705078125,2.6117286682128906,1.0,0.11999999731779099,0.9800000190734863,0.07000000029802322,1.0,0.009999999776482582,1.0,1.0,1.0,0.8999999761581421,1.0,1.0,1.0,1.0,1.0
2500,-19.57000160217285,29.749998092651367,-535.25,129.7482452392578,243.8000030517578,0.05999999865889549,0.9900000095367432,24.461999893188477,128.0,2477.0,125.78582763671875,0.3070943057537079,15970.2685546875,2.5372776985168457,1.0,0.11999999731779099,0.9800000190734863,0.07000000029802322,1.0,0.009999999776482582,1.0,1.0,1.0,0.8999999761581421,1.0,1.0,1.0,1.0,1.0
2510,-8.778502464294434,29.749998092651367,-534.9500122070312,106.9360580444336,245.19000244140625,0.03999999910593033,0.9900000095367432,24.558000564575195,128.0,2487.0,67.1631851196289,0.3279452323913574,16000.76171875,2.534821033477783,1.0,0.11999999731779099,0.9800000190734863,0.05999999865889549,1.0,0.009999999776482582,1.0,1.0,1.0,0.8999999761581421,1.0,1.0,1.0,1.0,1.0
2520,-9.108502388000488,29.749998092651367,-534.9500122070312,106.88944244384766,247.38999938964844,0.03999999910593033,0.9900000095367432,24.725000381469727,128.0,2497.0,71.84730529785156,0.35081690549850464,16029.2666015625,2.5348124504089355,1.0,0.10000000149011612,0.9800000190734863,0.05999999865889549,1.0,0.009999999776482582,1.0,1.0,1.0,0.8999999761581421,1.0,1.0,1.0,1.0,1.0
2530,-9.189502716064453,29.749998092651367,-534.9500122070312,106.8560791015625,247.92999267578125,0.03999999910593033,0.9900000095367432,24.976999282836914,128.0,2507.0,138.6824493408203,0.3385801911354065,16058.8017578125,2.4998326301574707,1.0,0.09000000357627869,0.9800000190734863,0.05999999865889549,1.0,0.009999999776482582,1.0,1.0,1.0,0.949999988079071,1.0,1.0,1.0,1.0,1.0
2540,-3.8050026893615723,28.699996948242188,-534.9500122070312,93.1937026977539,248.6999969482422,0.029999999329447746,1.0,24.8700008392334,128.0,2517.0,83.20511627197266,0.4062749743461609,16083.4150390625,2.5012168884277344,1.0,0.09000000357627869,0.9800000190734863,0.05999999865889549,1.0,0.009999999776482582,1.0,1.0,1.0,0.949999988079071,1.0,1.0,1.0,1.0,1.0
2550,-9.249503135681152,28.699996948242188,-534.9500122070312,107.00291442871094,248.3300018310547,0.03999999910593033,1.0,24.83300018310547,129.0,2527.0,73.15087890625,0.35718199610710144,16111.412109375,2.5034821033477783,1.0,0.10000000149011612,0.9800000190734863,0.05999999865889549,1.0,0.009999999776482582,1.0,1.0,1.0,0.949999988079071,1.0,1.0,1.0,1.0,1.0
2560,-3.4660027027130127,29.89999771118164,-532.7000122070312,93.13362884521484,246.44000244140625,0.029999999329447746,1.0,24.643999099731445,129.0,2537.0,76.00755310058594,0.37113064527511597,16138.3564453125,2.5080647468566895,1.0,0.10000000149011612,0.9800000190734863,0.05999999865889549,1.0,0.009999999776482582,1.0,1.0,1.0,0.949999988079071,1.0,1.0,1.0,1.0,1.0
2570,2.4029972553253174,30.949996948242188,-532.7000122070312,76.73514556884766,243.97999572753906,0.019999999552965164,1.0,24.398000717163086,129.0,2547.0,78.24081420898438,0.3820352256298065,16164.5322265625,2.5106139183044434,1.0,0.09000000357627869,0.9800000190734863,0.05999999865889549,1.0,0.009999999776482582,1.0,1.0,1.0,0.949999988079071,1.0,1.0,1.0,1.0,1.0
2580,8.636497497558594,30.949996948242188,-532.7000122070312,55.053871154785156,239.08999633789062,0.009999999776482582,1.0,23.909000396728516,129.0,2557.0,84.85672760009766,0.41433948278427124,16188.6669921875,2.493197202682495,1.0,0.09000000357627869,0.9800000190734863,0.05999999865889549,1.0,0.009999999776482582,1.0,1.0,1.0,0.949999988079071,1.0,1.0,1.0,1.0,1.0
2590,3.733497142791748,30.949996948242188,-534.2000122070312,77.1869125366211,235.11000061035156,0.019999999552965164,1.0,23.51099967956543,130.0,2567.0,74.48786163330078,0.3637102544307709,16216.162109375,2.497588634490967,1.0,0.09000000357627869,0.9800000190734863,0.05999999865889549,1.0,0.009999999776482582,1.0,1.0,1.0,0.949999988079071,1.0,1.0,1.0,1.0,1.0
2600,-0.45250263810157776,32.599998474121094,-534.5,94.14306640625,226.35000610351562,0.029999999329447746,1.0,22.635000228881836,131.0,2577.0,76.671875,0.3743743896484375,16242.873046875,2.5220282077789307,1.0,0.10000000149011612,0.9800000190734863,0.05999999865889549,1.0,0.009999999776482582,1.0,1.0,1.0,0.949999988079071,1.0,1.0,1.0,1.0,1.0
2610,0.7504974007606506,32.599998474121094,-534.5,94.30653381347656,218.3300018310547,0.029999999329447746,1.0,21.83300018310547,131.0,2587.0,76.0562744140625,0.37136852741241455,16269.80078125,2.526684045791626,1.0,0.10000000149011612,0.9800000190734863,0.03999999910593033,1.0,0.009999999776482582,1.0,1.0,1.0,0.949999988079071,1.0,1.0,1.0,1.0,1.0
2620,-4.047502517700195,32.599998474121094,-534.5,108.16876983642578,213.64999389648438,0.03999999910593033,0.9900000095367432,21.434999465942383,132.0,2596.0,85.41272735595703,0.41705432534217834,16293.7783203125,2.5489492416381836,0.9900000095367432,0.10000000149011612,0.9800000190734863,0.03999999910593033,1.0,0.009999999776482582,1.0,1.0,1.0,1.0,1.0,1.0,0.949999988079071,1.0,1.0
2630,-3.137002468109131,32.599998474121094,-534.5,108.33689880371094,207.5800018310547,0.03999999910593033,0.9900000095367432,20.893999099731445,132.0,2606.0,77.69462585449219,0.37936827540397644,16320.1376953125,2.548915147781372,0.9900000095367432,0.09000000357627869,0.9800000190734863,0.03999999910593033,1.0,0.0,1.0,1.0,1.0,1.0,1.0,1.0,0.949999988079071,1.0,1.0
2640,-8.386502265930176,32.599998474121094,-534.7999877929688,120.58283233642578,205.91000366210938,0.05000000074505806,0.9900000095367432,20.660999298095703,133.0,2616.0,72.62688446044922,0.3546234667301178,16348.3369140625,2.570934534072876,0.9900000095367432,0.09000000357627869,0.9800000190734863,0.03999999910593033,1.0,0.0,1.0,1.0,1.0,1.0,1.0,1.0,0.949999988079071,1.0,1.0
2650,-2.6075024604797363,32.599998474121094,-534.7999877929688,108.52019500732422,204.0500030517578,0.03999999910593033,0.9900000095367432,20.43199920654297,133.0,2626.0,75.28986358642578,0.36762627959251404,16375.5380859375,2.5756921768188477,0.9900000095367432,0.09000000357627869,0.9900000095367432,0.029999999329447746,1.0,0.0,1.0,1.0,1.0,1.0,1.0,1.0,0.949999988079071,1.0,1.0
2660,-2.072002410888672,32.599998474121094,-534.7999877929688,108.6231918334961,200.47999572753906,0.03999999910593033,0.9900000095367432,20.016000747680664,133.0,2636.0,88.0991439819336,0.4301716089248657,16398.78515625,2.5814104080200195,0.9900000095367432,0.09000000357627869,0.9900000095367432,0.029999999329447746,1.0,0.0,1.0,1.0,1.0,1.0,1.0,1.0,0.949999988079071,1.0,1.0
2670,-1.6205023527145386,32.599998474121094,-534.7999877929688,108.69251251220703,197.47000122070312,0.03999999910593033,0.9900000095367432,19.711000442504883,133.0,2646.0,0.0,0.40030637383461,16423.765625,2.5814104080200195,0.9900000095367432,0.09000000357627869,0.9900000095367432,0.029999999329447746,1.0,0.0,1.0,1.0,1.0,1.0,1.0,1.0,0.949999988079071,1.0,1.0
2680,-1.472002387046814,32.599998474121094,-534.7999877929688,108.71919250488281,196.47999572753906,0.03999999910593033,0.9900000095367432,19.729000091552734,133.0,2656.0,75.59676361083984,0.36912479996681213,16450.857421875,2.583045482635498,0.9900000095367432,0.09000000357627869,0.9900000095367432,0.029999999329447746,1.0,0.0,1.0,1.0,1.0,1.0,1.0,1.0,0.949999988079071,1.0,1.0
2690,4.29199743270874,32.599998474121094,-534.7999877929688,94.67064666748047,194.72000122070312,0.029999999329447746,0.9900000095367432,19.50200080871582,133.0,2666.0,75.45216369628906,0.36841875314712524,16478.0,2.585840940475464,0.9900000095367432,0.09000000357627869,0.9900000095367432,0.029999999329447746,1.0,0.0,1.0,1.0,1.0,1.0,1.0,1.0,0.949999988079071,1.0,1.0
2700,9.737997055053711,33.19999694824219,-534.7999877929688,77.6711196899414,195.0800018310547,0.019999999552965164,0.9900000095367432,19.424999237060547,133.0,2676.0,82.89690399169922,0.40477001667022705,16502.705078125,2.5856823921203613,0.9900000095367432,0.09000000357627869,0.9900000095367432,0.029999999329447746,1.0,0.0,1.0,1.0,1.0,1.0,1.0,1.0,0.949999988079071,1.0,1.0
2710,10.025997161865234,33.19999694824219,-534.7999877929688,77.71068572998047,193.16000366210938,0.019999999552965164,0.9900000095367432,19.354999542236328,133.0,2686.0,76.09910583496094,0.3715776801109314,16529.6171875,2.5701234340667725,0.9900000095367432,0.09000000357627869,1.0,0.019999999552965164,1.0,0.0,1.0,1.0,1.0,1.0,1.0,1.0,0.949999988079071,1.0,1.0
2720,15.878497123718262,33.19999694824219,-534.7999877929688,55.62593460083008,190.80999755859375,0.009999999776482582,1.0,19.08099937438965,133.0,2696.0,77.3167495727539,0.3775232136249542,16556.10546875,2.5744807720184326,0.9900000095367432,0.09000000357627869,1.0,0.019999999552965164,1.0,0.0,1.0,1.0,1.0,1.0,1.0,1.0,0.949999988079071,1.0,1.0
2730,15.989497184753418,33.19999694824219,-534.7999877929688,55.619503021240234,190.07000732421875,0.009999999776482582,1.0,19.006999969482422,133.0,2706.0,76.46988677978516,0.3733881115913391,16582.88671875,2.579005479812622,0.9900000095367432,0.09000000357627869,1.0,0.009999999776482582,1.0,0.0,1.0,1.0,1.0,1.0,1.0,1.0,0.949999988079071,1.0,1.0
2740,21.979997634887695,33.19999694824219,5.4499969482421875,5.30151891708374,186.8000030517578,0.0,1.0,18.68000030517578,133.0,2716.0,85.96774291992188,0.4197643995285034,16606.7109375,2.5849359035491943,0.9900000095367432,0.07999999821186066,1.0,0.0,1.0,0.0,1.0,1.0,1.0,1.0,1.0,1.0,0.949999988079071,1.0,1.0
2750,22.119497299194336,33.19999694824219,5.4499969482421875,5.230190753936768,185.8699951171875,0.0,1.0,18.586999893188477,133.0,2726.0,67.07500457763672,0.3275146782398224,16637.244140625,2.58801007270813,0.9900000095367432,0.07999999821186066,1.0,0.0,1.0,0.0,1.0,1.0,1.0,1.0,1.0,1.0,0.949999988079071,1.0,1.0
2760,22.039997100830078,33.19999694824219,5.4499969482421875,5.06809139251709,186.39999389648438,0.0,1.0,18.639999389648438,133.0,2736.0,66.54955291748047,0.3249489665031433,16668.017578125,2.5963144302368164,0.9900000095367432,0.07999999821186066,1.0,0.0,1.0,0.0,1.0,1.0,1.0,1.0,1.0,1.0,0.949999988079071,1.0,1.0
2770,21.703996658325195,33.19999694824219,5.4499969482421875,5.0612287521362305,188.63999938964844,0.0,1.0,18.86400032043457,133.0,2746.0,62.11739730834961,0.30330759286880493,16700.98828125,2.581197738647461,0.9900000095367432,0.05999999865889549,1.0,0.0,1.0,0.0,1.0,1.0,1.0,1.0,1.0,1.0,0.949999988079071,1.0,1.0
2780,21.849496841430664,33.19999694824219,5.4499969482421875,4.833634853363037,187.6699981689453,0.0,1.0,18.767000198364258,133.0,2756.0,66.68082427978516,0.32558995485305786,16731.701171875,2.567988395690918,0.9900000095367432,0.05999999865889549,1.0,0.0,1.0,0.0,1.0,1.0,1.0,1.0,1.0,1.0,0.949999988079071,1.0,1.0
2790,21.89449691772461,33.19999694824219,5.4499969482421875,4.606619834899902,187.3699951171875,0.0,1.0,18.73699951171875,133.0,2766.0,61.163246154785156,0.2986486852169037,16765.185546875,2.57240891456604,0.9900000095367432,0.05000000074505806,1.0,0.0,1.0,0.0,1.0,1.0,1.0,1.0,1.0,1.0,0.949999988079071,1.0,1.0
2800,22.108997344970703,32.29999923706055,9.799997329711914,3.989877223968506,185.94000244140625,0.0,1.0,18.5939998626709,133.0,2776.0,0.0,0.3462342619895935,16794.06640625,2.57240891456604,0.9900000095367432,0.05000000074505806,1.0,0.0,1.0,0.0,1.0,1.0,1.0,1.0,1.0,1.0,1.0,1.0,1.0
2810,22.12999725341797,32.29999923706055,9.799997329711914,4.074647426605225,185.8000030517578,0.0,1.0,18.579999923706055,133.0,2786.0,75.34721374511719,0.3679063320159912,16821.248046875,2.562192916870117,0.9900000095367432,0.05000000074505806,1.0,0.0,1.0,0.0,1.0,1.0,1.0,1.0,1.0,1.0,1.0,1.0,1.0
2820,22.126996994018555,32.749996185302734,9.799997329711914,4.162135601043701,182.3000030517578,0.0,1.0,18.229999542236328,133.0,2796.0,16334.78125,68.00311279296875,41.46870422363281,2.5710973739624023,1.0,0.0,1.0,0.0,1.0,0.0,1.0,1.0,1.0,1.0,1.0,1.0,1.0,1.0,1.0
2830,22.084997177124023,33.19999694824219,9.799997329711914,4.193861961364746,184.5,0.0,1.0,18.450000762939453,133.0,2806.0,70.7247314453125,0.34533557295799255,70.42605590820312,2.5190322399139404,1.0,0.0,1.0,0.0,1.0,0.0,1.0,1.0,1.0,1.0,1.0,1.0,1.0,1.0,1.0
2840,21.979997634887695,33.19999694824219,9.799997329711914,4.276605129241943,185.6999969482422,0.0,1.0,18.56999969482422,133.0,2816.0,83.98713684082031,0.41009342670440674,94.81075286865234,2.511119842529297,1.0,0.0,1.0,0.0,1.0,0.0,1.0,1.0,1.0,1.0,1.0,1.0,1.0,1.0,1.0
2850,22.13899803161621,33.19999694824219,9.799997329711914,4.296583652496338,183.5749969482422,0.0,1.0,18.357500076293945,133.0,2826.0,67.84131622314453,0.3312564492225647,124.99885559082031,2.511486530303955,1.0,0.0,1.0,0.0,1.0,0.0,1.0,1.0,1.0,1.0,1.0,1.0,1.0,1.0,1.0
2860,22.167497634887695,33.19999694824219,9.799997329711914,4.27983283996582,182.97999572753906,0.0,1.0,18.29800033569336,133.0,2836.0,64.7624282836914,0.31622281670570374,156.62213134765625,2.509721279144287,1.0,0.0,1.0,0.0,1.0,0.0,1.0,1.0,1.0,1.0,1.0,1.0,1.0,1.0,1.0
2870,22.345996856689453,33.19999694824219,10.99999713897705,4.17283296585083,183.3000030517578,0.0,1.0,18.329999923706055,133.0,2846.0,62.99515914916992,0.30759355425834656,189.13258361816406,2.519709348678589,1.0,0.0,1.0,0.0,1.0,0.0,1.0,1.0,1.0,1.0,1.0,1.0,1.0,1.0,1.0
2880,22.23649787902832,33.19999694824219,12.199996948242188,4.077578067779541,184.95713806152344,0.0,1.0,18.49571418762207,133.0,2856.0,61.75825881958008,0.30155399441719055,222.2941436767578,2.482367515563965,1.0,0.0,1.0,0.0,1.0,0.0,1.0,1.0,1.0,1.0,1.0,1.0,1.0,1.0,1.0
2890,22.395498275756836,33.19999694824219,12.199996948242188,4.148819923400879,185.2375030517578,0.0,1.0,18.52375030517578,133.0,2866.0,63.05674743652344,0.3078942596912384,254.77284240722656,2.4876980781555176,1.0,0.0,1.0,0.0,1.0,0.0,1.0,1.0,1.0,1.0,1.0,1.0,1.0,1.0,1.0
2900,22.222997665405273,33.19999694824219,12.199996948242188,4.002352237701416,186.10000610351562,0.0,1.0,18.610000610351562,133.0,2876.0,60.837989807128906,0.297060489654541,288.43603515625,2.490433931350708,1.0,0.0,1.0,0.0,1.0,0.0,1.0,1.0,1.0,1.0,1.0,1.0,1.0,1.0,1.0
2910,22.092496871948242,33.19999694824219,12.199996948242188,3.949723958969116,186.0500030517578,0.0,1.0,18.604999542236328,133.0,2886.0,62.251686096191406,0.303963303565979,321.33477783203125,2.4938557147979736,1.0,0.0,1.0,0.0,1.0,0.0,1.0,1.0,1.0,1.0,1.0,1.0,1.0,1.0,1.0
2920,22.035497665405273,33.19999694824219,12.199996948242188,3.784893035888672,186.42999267578125,0.0,1.0,18.64299964904785,133.0,2896.0,0.0,0.3266160786151886,351.9517517089844,2.4938557147979736,1.0,0.0,1.0,0.0,1.0,0.0,1.0,1.0,1.0,1.0,1.0,1.0,1.0,1.0,1.0
2930,22.005496978759766,31.549997329711914,12.199996948242188,3.5618388652801514,186.6300048828125,0.0,1.0,18.663000106811523,133.0,2906.0,64.11157989501953,0.31304484605789185,383.8960876464844,2.4964873790740967,1.0,0.0,1.0,0.0,1.0,0.0,1.0,1.0,1.0,1.0,1.0,1.0,1.0,1.0,1.0
2940,22.012996673583984,31.549997329711914,12.199996948242188,3.549342393875122,186.5800018310547,0.0,1.0,18.658000946044922,133.0,2916.0,65.31242370605469,0.31890833377838135,415.2530517578125,2.4784536361694336,1.0,0.0,1.0,0.0,1.0,0.0,1.0,1.0,1.0,1.0,1.0,1.0,1.0,1.0,1.0
2950,21.808998107910156,31.549997329711914,12.199996948242188,3.5759711265563965,187.94000244140625,0.0,1.0,18.79400062561035,133.0,2926.0,67.93645477294922,0.3317209780216217,445.3988952636719,2.4834136962890625,1.0,0.0,1.0,0.0,1.0,0.0,1.0,1.0,1.0,1.0,1.0,1.0,1.0,1.0,1.0
2960,21.76399803161621,31.549997329711914,12.199996948242188,3.5967562198638916,188.24000549316406,0.0,1.0,18.823999404907227,133.0,2936.0,64.72933197021484,0.31606119871139526,477.0383605957031,2.4688994884490967,1.0,0.0,1.0,0.0,1.0,0.0,1.0,1.0,1.0,1.0,1.0,1.0,1.0,1.0,1.0
2970,21.703996658325195,31.549997329711914,12.199996948242188,3.6698548793792725,188.63999938964844,0.0,1.0,18.86400032043457,133.0,2946.0,63.79981231689453,0.311522513628006,509.1387634277344,2.4728877544403076,1.0,0.0,1.0,0.0,1.0,0.0,1.0,1.0,1.0,1.0,1.0,1.0,1.0,1.0,1.0
2980,21.961997985839844,31.549997329711914,12.199996948242188,3.579169988632202,186.9199981689453,0.0,1.0,18.691999435424805,133.0,2956.0,66.38826751708984,0.32416146993637085,539.9876098632812,2.4763736724853516,1.0,0.0,1.0,0.0,1.0,0.0,1.0,1.0,1.0,1.0,1.0,1.0,1.0,1.0,1.0
2990,22.152498245239258,31.549997329711914,13.24999713897705,3.447871685028076,185.64999389648438,0.0,1.0,18.565000534057617,133.0,2966.0,67.58440399169922,0.33000198006629944,570.2904663085938,2.492666721343994,1.0,0.0,1.0,0.0,1.0,0.0,1.0,1.0,1.0,1.0,1.0,1.0,1.0,1.0,1.0
3000,22.32649803161621,31.549997329711914,13.24999713897705,3.582488536834717,184.49000549316406,0.0,1.0,18.448999404907227,133.0,2976.0,64.65654754638672,0.315705806016922,601.9655151367188,2.4934704303741455,1.0,0.0,1.0,0.0,1.0,0.0,1.0,1.0,1.0,1.0,1.0,1.0,1.0,1.0,1.0
3010,22.485496520996094,31.39999771118164,13.24999713897705,3.4521031379699707,183.42999267578125,0.0,1.0,18.343000411987305,133.0,2986.0,66.88817596435547,0.32660242915153503,632.5838012695312,2.5069141387939453,1.0,0.0,1.0,0.0,1.0,0.0,1.0,1.0,1.0,1.0,1.0,1.0,1.0,1.0,1.0
3020,22.624998092651367,31.39999771118164,13.24999713897705,3.4388625621795654,182.5,0.0,1.0,18.25,133.0,2996.0,0.0,0.34524625539779663,661.5486450195312,2.5069141387939453,1.0,0.0,1.0,0.0,1.0,0.0,1.0,1.0,1.0,1.0,1.0,1.0,1.0,1.0,1.0
3030,22.84099769592285,31.39999771118164,13.24999713897705,3.3518755435943604,181.05999755859375,0.0,1.0,18.106000900268555,133.0,3006.0,72.31275939941406,0.3530896306037903,689.8700561523438,2.5189671516418457,1.0,0.0,1.0,0.0,1.0,0.0,1.0,1.0,1.0,1.0,1.0,1.0,1.0,1.0,1.0
3040,23.044998168945312,31.699996948242188,13.24999713897705,3.3441927433013916,179.6999969482422,0.0,1.0,17.969999313354492,133.0,3016.0,65.18307495117188,0.3182767331600189,721.2892456054688,2.5188753604888916,1.0,0.0,1.0,0.0,1.0,0.0,1.0,1.0,1.0,1.0,1.0,1.0,1.0,1.0,1.0
3050,23.374998092651367,31.699996948242188,13.24999713897705,3.375666618347168,177.5,0.0,1.0,17.75,133.0,3026.0,67.43245697021484,0.3292600214481354,751.660400390625,2.526745557785034,1.0,0.0,1.0,0.0,1.0,0.0,1.0,1.0,1.0,1.0,1.0,1.0,1.0,1.0,1.0
3060,23.335996627807617,31.699996948242188,13.549997329711914,3.388547658920288,177.75999450683594,0.0,1.0,17.775999069213867,133.0,3036.0,64.10858154296875,0.3130302131175995,783.606201171875,2.5359151363372803,1.0,0.0,1.0,0.0,1.0,0.0,1.0,1.0,1.0,1.0,1.0,1.0,1.0,1.0,1.0
3070,23.553497314453125,31.699996948242188,13.549997329711914,3.1931118965148926,176.30999755859375,0.0,1.0,17.631000518798828,133.0,3046.0,66.08928680419922,0.3227015733718872,814.5946044921875,2.5445165634155273,1.0,0.0,1.0,0.0,1.0,0.0,1.0,1.0,1.0,1.0,1.0,1.0,1.0,1.0,1.0
3080,23.518997192382812,31.699996948242188,13.549997329711914,3.1858971118927,176.5399932861328,0.0,1.0,17.65399932861328,133.0,3056.0,20361.455078125,86.51599884033203,35.60034942626953,2.5431559085845947,1.0,0.0,1.0,0.0,1.0,0.0,1.0,1.0,1.0,1.0,1.0,1.0,1.0,1.0,1.0
3090,23.47699737548828,31.699996948242188,13.549997329711914,3.197596311569214,176.82000732421875,0.0,1.0,17.68199920654297,133.0,3066.0,102.15634155273438,0.4988102614879608,55.64806365966797,2.5052852630615234,1.0,0.0,1.0,0.0,1.0,0.0,1.0,1.0,1.0,1.0,1.0,1.0,1.0,1.0,1.0
3100,23.419998168945312,31.699996948242188,14.74999713897705,3.1259799003601074,177.1999969482422,0.0,1.0,17.719999313354492,133.0,3076.0,88.27555847167969,0.43103301525115967,78.84814453125,2.505397319793701,1.0,0.0,1.0,0.0,1.0,0.0,1.0,1.0,1.0,1.0,1.0,1.0,1.0,1.0,1.0
3110,23.094497680664062,31.699996948242188,13.399996757507324,3.3268673419952393,179.3699951171875,0.0,1.0,17.937000274658203,133.0,3086.0,88.55626678466797,0.43240365386009216,101.97468566894531,2.5797274112701416,1.0,0.0,1.0,0.0,1.0,0.0,1.0,1.0,1.0,1.0,1.0,1.0,1.0,1.0,1.0
3120,22.857498168945312,31.699996948242188,13.399996757507324,3.4647321701049805,180.9499969482422,0.0,1.0,18.094999313354492,133.0,3096.0,102.29682159423828,0.499496191740036,121.99485778808594,2.506220817565918,1.0,0.0,1.0,0.0,1.0,0.0,1.0,1.0,1.0,1.0,1.0,1.0,1.0,1.0,1.0
3130,22.483997344970703,31.699996948242188,11.74999713897705,3.70723557472229,183.44000244140625,0.0,1.0,18.3439998626709,133.0,3106.0,87.82874298095703,0.42885127663612366,145.31297302246094,2.461848258972168,1.0,0.0,1.0,0.0,1.0,0.0,1.0,1.0,1.0,1.0,1.0,1.0,1.0,1.0,1.0
3140,22.242496490478516,30.199996948242188,11.74999713897705,3.7218973636627197,185.0500030517578,0.0,1.0,18.5049991607666,133.0,3116.0,104.55094909667969,0.5105026960372925,164.90150451660156,2.469775438308716,1.0,0.0,1.0,0.0,1.0,0.0,1.0,1.0,1.0,1.0,1.0,1.0,1.0,1.0,1.0
3150,21.807497024536133,29.89999771118164,11.74999713897705,3.6613752841949463,187.9499969482422,0.0,1.0,18.795000076293945,133.0,3126.0,86.48560333251953,0.4222930073738098,188.58175659179688,2.4440157413482666,1.0,0.0,1.0,0.0,1.0,0.0,1.0,1.0,1.0,1.0,1.0,1.0,1.0,1.0,1.0
3160,21.760997772216797,29.89999771118164,11.74999713897705,3.603849411010742,188.25999450683594,0.0,1.0,18.826000213623047,133.0,3136.0,89.4909439086914,0.43696749210357666,211.4667510986328,2.4527535438537598,1.0,0.0,1.0,0.0,1.0,0.0,1.0,1.0,1.0,1.0,1.0,1.0,1.0,1.0,1.0
3170,21.271997451782227,29.89999771118164,9.49999713897705,3.8093197345733643,191.52000427246094,0.0,1.0,19.152000427246094,133.0,3146.0,98.55663299560547,0.4812335669994354,232.24668884277344,2.4346084594726562,1.0,0.0,1.0,0.0,1.0,0.0,1.0,1.0,1.0,1.0,1.0,1.0,1.0,1.0,1.0
3180,20.782997131347656,29.89999771118164,9.49999713897705,3.9667887687683105,194.77999877929688,0.0,1.0,19.47800064086914,133.0,3156.0,86.43584442138672,0.42205002903938293,255.94056701660156,2.419158935546875,1.0,0.0,1.0,0.0,1.0,0.0,1.0,1.0,1.0,1.0,1.0,1.0,1.0,1.0,1.0
3190,20.22499656677246,29.89999771118164,9.49999713897705,4.018852710723877,198.5,0.0,1.0,19.850000381469727,133.0,3166.0,84.55886840820312,0.4128850996494293,280.1603698730469,2.3863606452941895,1.0,0.0,1.0,0.0,1.0,0.0,1.0,1.0,1.0,1.0,1.0,1.0,1.0,1.0,1.0
3200,19.678997039794922,29.299997329711914,4.999996662139893,4.329522132873535,202.13999938964844,0.0,1.0,20.214000701904297,133.0,3176.0,96.27081298828125,0.47007232904434204,301.4337158203125,2.3788230419158936,1.0,0.0,1.0,0.0,1.0,0.0,1.0,1.0,1.0,1.0,1.0,1.0,1.0,1.0,1.0
3210,13.901496887207031,29.299997329711914,-531.2000122070312,54.95704650878906,203.99000549316406,0.009999999776482582,0.9900000095367432,20.4060001373291,134.0,3185.0,83.63583374023438,0.40837809443473816,325.92083740234375,2.3548412322998047,1.0,0.0,0.9900000095367432,0.009999999776482582,1.0,0.0,1.0,1.0,0.949999988079071,1.0,1.0,1.0,1.0,1.0,1.0
3220,13.403497695922852,29.299997329711914,-531.2000122070312,54.91459274291992,207.30999755859375,0.009999999776482582,0.9900000095367432,20.72100067138672,134.0,3195.0,81.77947998046875,0.39931386709213257,350.9637756347656,2.47695255279541,1.0,0.0,0.9900000095367432,0.009999999776482582,1.0,0.0,1.0,1.0,0.949999988079071,1.0,1.0,1.0,1.0,1.0,1.0
3230,13.089997291564941,29.299997329711914,-531.2000122070312,54.8861083984375,209.39999389648438,0.009999999776482582,0.9900000095367432,20.93899917602539,134.0,3205.0,95.56649780273438,0.46663329005241394,372.3938903808594,2.4501142501831055,1.0,0.0,0.9900000095367432,0.009999999776482582,1.0,0.0,1.0,1.0,0.949999988079071,1.0,1.0,1.0,1.0,1.0,1.0
3240,1.620497465133667,29.299997329711914,-531.2000122070312,93.63816833496094,212.52999877929688,0.029999999329447746,0.9700000286102295,21.18000030517578,136.0,3213.0,82.94673156738281,0.4050133526325226,397.0844421386719,2.4263181686401367,1.0,0.0,0.9700000286102295,0.029999999329447746,1.0,0.0,1.0,1.0,0.8999999761581421,0.949999988079071,1.0,1.0,1.0,1.0,1.0
3250,0.9709973931312561,29.299997329711914,-531.2000122070312,93.53204345703125,216.86000061035156,0.029999999329447746,0.9700000286102295,21.667999267578125,136.0,3223.0,156.12864685058594,0.3811734616756439,423.3192138671875,2.569610118865967,1.0,0.0,0.9700000286102295,0.029999999329447746,1.0,0.0,1.0,1.0,0.8999999761581421,0.949999988079071,1.0,1.0,1.0,1.0,1.0
3260,-0.19750262796878815,29.299997329711914,-531.2000122070312,93.34105682373047,224.64999389648438,0.029999999329447746,0.9700000286102295,22.465999603271484,136.0,3233.0,87.74066162109375,0.4284211993217468,446.6607360839844,2.526254415512085,1.0,0.0,0.9700000286102295,0.029999999329447746,1.0,0.0,1.0,1.0,0.8999999761581421,0.949999988079071,1.0,1.0,1.0,1.0,1.0
3270,-6.422002792358398,28.099998474121094,-534.7999877929688,107.26769256591797,229.47999572753906,0.03999999910593033,0.9700000286102295,23.024999618530273,137.0,3243.0,78.55001831054688,0.38354501128196716,472.7333068847656,2.4926278591156006,1.0,0.009999999776482582,0.9700000286102295,0.029999999329447746,1.0,0.0,1.0,1.0,0.8999999761581421,0.949999988079071,1.0,1.0,1.0,1.0,1.0
3280,-18.23050308227539,28.099998474121094,-534.9500122070312,129.9850311279297,234.8699951171875,0.05999999865889549,0.9700000286102295,23.523000717163086,139.0,3253.0,75.77883911132812,0.37001386284828186,499.7593078613281,2.6287591457366943,1.0,0.029999999329447746,0.9700000286102295,0.029999999329447746,1.0,0.0,1.0,1.0,0.8999999761581421,0.949999988079071,1.0,1.0,1.0,1.0,1.0
3290,-19.213003158569336,28.099998474121094,-534.9500122070312,129.7555389404297,241.4199981689453,0.05999999865889549,0.9700000286102295,24.152999877929688,139.0,3263.0,149.98199462890625,0.36616697907447815,527.0692749023438,2.6285266876220703,1.0,0.029999999329447746,0.9700000286102295,0.029999999329447746,1.0,0.0,1.0,1.0,0.8999999761581421,0.949999988079071,1.0,1.0,1.0,1.0,1.0
3300,-19.82050323486328,27.349998474121094,-534.9500122070312,129.5962677001953,245.47000122070312,0.05999999865889549,0.9700000286102295,24.618000030517578,139.0,3273.0,88.90804290771484,0.434121310710907,550.1043090820312,2.5967609882354736,1.0,0.029999999329447746,0.9700000286102295,0.029999999329447746,1.0,0.0,1.0,1.0,0.8999999761581421,0.949999988079071,1.0,1.0,1.0,1.0,1.0
3310,-15.093002319335938,27.349998474121094,-534.9500122070312,118.8497543334961,250.6199951171875,0.05000000074505806,0.9800000190734863,25.094999313354492,139.0,3283.0,76.00065612792969,0.3710969388484955,577.0514526367188,2.557865858078003,1.0,0.029999999329447746,0.9700000286102295,0.029999999329447746,1.0,0.0,1.0,1.0,0.8999999761581421,0.949999988079071,1.0,1.0,1.0,1.0,1.0
3320,-21.04300308227539,27.349998474121094,-534.9500122070312,129.4492950439453,253.6199951171875,0.05999999865889549,0.9800000190734863,25.448999404907227,140.0,3293.0,150.8095703125,0.36818742752075195,604.2115478515625,2.5715572834014893,1.0,0.03999999910593033,0.9700000286102295,0.029999999329447746,1.0,0.0,1.0,1.0,0.8999999761581421,0.949999988079071,1.0,1.0,1.0,1.0,1.0
3330,-27.035001754760742,27.349998474121094,-534.9500122070312,138.9189910888672,256.8999938964844,0.07000000029802322,0.9800000190734863,25.722000122070312,141.0,3303.0,77.9648666381836,0.38068780303001404,630.4797973632812,2.6084020137786865,1.0,0.05000000074505806,0.9700000286102295,0.029999999329447746,1.0,0.0,1.0,1.0,0.8999999761581421,0.949999988079071,1.0,1.0,1.0,1.0,1.0
3340,-16.375503540039062,26.449996948242188,-534.9500122070312,118.93985748291016,259.1700134277344,0.05000000074505806,1.0,25.91699981689453,141.0,3313.0,90.37393951416016,0.44127899408340454,653.1411743164062,2.5823986530303955,1.0,0.05000000074505806,0.9700000286102295,0.029999999329447746,1.0,0.0,1.0,1.0,0.8999999761581421,0.949999988079071,1.0,1.0,1.0,1.0,1.0
3350,-21.877002716064453,26.449996948242188,-534.9500122070312,129.5742950439453,259.17999267578125,0.05999999865889549,1.0,25.917999267578125,142.0,3323.0,80.75234985351562,0.39429858326911926,678.502685546875,2.6186578273773193,1.0,0.05999999865889549,0.9700000286102295,0.029999999329447746,1.0,0.0,1.0,1.0,0.8999999761581421,0.949999988079071,1.0,1.0,1.0,1.0,1.0
3360,-26.858001708984375,26.449996948242188,-534.9500122070312,139.16934204101562,255.72000122070312,0.07000000029802322,1.0,25.57200050354004,143.0,3333.0,81.18326568603516,0.39640265703201294,703.7295532226562,2.594325065612793,1.0,0.05999999865889549,0.9700000286102295,0.03999999910593033,1.0,0.0,1.0,1.0,0.8999999761581421,0.949999988079071,1.0,1.0,1.0,1.0,1.0
3370,-26.807003021240234,26.449996948242188,-534.9500122070312,139.20094299316406,255.3800048828125,0.07000000029802322,1.0,25.538000106811523,144.0,3343.0,173.95689392089844,0.42469945549964905,727.275634765625,2.609959125518799,1.0,0.07000000029802322,0.9700000286102295,0.03999999910593033,1.0,0.0,1.0,1.0,0.8999999761581421,0.949999988079071,1.0,1.0,1.0,1.0,1.0
3380,-15.60000228881836,26.89999771118164,-534.7999877929688,118.99053955078125,254.0,0.05000000074505806,1.0,25.399999618530273,144.0,3353.0,78.83718872070312,0.3849472105503082,753.2532348632812,2.637394905090332,1.0,0.07000000029802322,0.9700000286102295,0.03999999910593033,1.0,0.0,1.0,1.0,0.8999999761581421,0.949999988079071,1.0,1.0,1.0,1.0,1.0
3390,-15.7680025100708,26.89999771118164,-534.7999877929688,118.97016906738281,255.1199951171875,0.05000000074505806,1.0,25.511999130249023,144.0,3363.0,74.29911041259766,0.3627886474132538,780.8175048828125,2.615159273147583,1.0,0.07000000029802322,0.9700000286102295,0.03999999910593033,1.0,0.0,1.0,1.0,0.949999988079071,0.949999988079071,1.0,1.0,1.0,1.0,1.0
3400,-15.904502868652344,26.89999771118164,-534.7999877929688,118.95960998535156,256.0299987792969,0.05000000074505806,1.0,25.60300064086914,144.0,3373.0,143.8147430419922,0.35111019015312195,809.298583984375,2.561864137649536,1.0,0.07000000029802322,0.9700000286102295,0.03999999910593033,1.0,0.0,1.0,1.0,0.949999988079071,0.949999988079071,1.0,1.0,1.0,1.0,1.0
3410,-16.108503341674805,26.89999771118164,-534.7999877929688,118.89832305908203,257.3900146484375,0.05000000074505806,1.0,25.73900032043457,144.0,3383.0,83.25492858886719,0.40651819109916687,833.897705078125,2.5410549640655518,1.0,0.07000000029802322,0.9700000286102295,0.03999999910593033,1.0,0.0,1.0,1.0,0.949999988079071,0.949999988079071,1.0,1.0,1.0,1.0,1.0
3420,-11.636002540588379,26.89999771118164,-534.7999877929688,106.74652099609375,264.239990234375,0.03999999910593033,1.0,26.423999786376953,144.0,3393.0,69.38113403320312,0.33877506852149963,863.4158325195312,2.5116350650787354,1.0,0.07000000029802322,0.9700000286102295,0.03999999910593033,1.0,0.0,1.0,1.0,1.0,1.0,1.0,1.0,1.0,1.0,1.0
3430,-5.9530029296875,26.89999771118164,-534.7999877929688,93.04154968261719,263.0199890136719,0.029999999329447746,1.0,26.302000045776367,144.0,3403.0,155.98117065429688,0.3808133900165558,889.6754150390625,2.4741365909576416,1.0,0.07000000029802322,0.9700000286102295,0.03999999910593033,1.0,0.0,1.0,1.0,1.0,1.0,1.0,1.0,1.0,1.0,1.0
3440,-16.965002059936523,26.89999771118164,-535.0999755859375,118.8158950805664,263.1000061035156,0.05000000074505806,1.0,26.309999465942383,146.0,3413.0,80.17028045654297,0.3914564251899719,915.2210693359375,2.548121690750122,1.0,0.09000000357627869,0.9700000286102295,0.03999999910593033,1.0,0.0,1.0,1.0,1.0,1.0,1.0,1.0,1.0,1.0,1.0
3450,-22.619503021240234,26.89999771118164,-535.0999755859375,129.4503173828125,264.1300048828125,0.05999999865889549,1.0,26.413000106811523,148.0,3423.0,85.77521514892578,0.41882428526878357,939.097412109375,2.613237142562866,1.0,0.10999999940395355,0.9700000286102295,0.03999999910593033,1.0,0.0,1.0,1.0,1.0,1.0,1.0,1.0,1.0,1.0,1.0
3460,-22.954002380371094,26.89999771118164,-535.0999755859375,129.5410919189453,266.3599853515625,0.05999999865889549,1.0,26.63599967956543,149.0,3433.0,79.00360870361328,0.38575980067253113,965.0203247070312,2.5963923931121826,1.0,0.11999999731779099,0.9700000286102295,0.03999999910593033,1.0,0.0,1.0,1.0,1.0,1.0,1.0,1.0,1.0,1.0,1.0
3470,-17.494503021240234,26.89999771118164,-535.0999755859375,118.905029296875,266.6300048828125,0.05000000074505806,1.0,26.663000106811523,149.0,3443.0,147.94497680664062,0.36119377613067627,992.706298828125,2.6028823852539062,1.0,0.11999999731779099,0.9700000286102295,0.03999999910593033,1.0,0.0,1.0,1.0,1.0,1.0,1.0,1.0,1.0,1.0,1.0
3480,-22.922502517700195,25.999998092651367,-535.0999755859375,129.4341583251953,266.1499938964844,0.05999999865889549,1.0,26.614999771118164,150.0,3453.0,78.88023376464844,0.38515740633010864,1018.669677734375,2.5871880054473877,1.0,0.12999999523162842,0.9700000286102295,0.03999999910593033,1.0,0.0,1.0,1.0,1.0,1.0,1.0,1.0,1.0,1.0,1.0
3490,-33.0885009765625,25.999998092651367,-535.0999755859375,147.84291076660156,260.5899963378906,0.07999999821186066,0.9900000095367432,26.174999237060547,152.0,3462.0,89.55010986328125,0.437256395816803,1041.53955078125,2.6862778663635254,1.0,0.14000000059604645,0.9599999785423279,0.05000000074505806,1.0,0.0,1.0,0.949999988079071,1.0,1.0,1.0,1.0,1.0,1.0,1.0
3500,-32.50800323486328,25.999998092651367,-535.0999755859375,148.00979614257812,256.7200012207031,0.07999999821186066,0.9900000095367432,25.690000534057617,152.0,3472.0,80.25242614746094,0.3918575346469879,1067.05908203125,2.6742589473724365,1.0,0.14000000059604645,0.9599999785423279,0.05000000074505806,1.0,0.0,1.0,0.949999988079071,1.0,1.0,1.0,1.0,1.0,1.0,1.0
3510,-37.08550262451172,28.699996948242188,-535.0999755859375,156.40106201171875,250.57000732421875,0.09000000357627869,0.9900000095367432,25.111000061035156,153.0,3482.0,82.61825561523438,0.4034094214439392,1091.8477783203125,2.6628646850585938,1.0,0.15000000596046448,0.9599999785423279,0.05000000074505806,1.0,0.0,1.0,0.949999988079071,1.0,1.0,1.0,1.0,1.0,1.0,1.0
3520,-35.549503326416016,28.699996948242188,-535.0999755859375,156.83143615722656,240.3300018310547,0.09000000357627869,0.9900000095367432,24.238000869750977,153.0,3492.0,94.88964080810547,0.4633283019065857,1113.4307861328125,2.6906371116638184,1.0,0.12999999523162842,0.9700000286102295,0.03999999910593033,1.0,0.0,1.0,0.949999988079071,1.0,1.0,1.0,1.0,1.0,1.0,1.0
3530,-35.11750411987305,28.699996948242188,-535.0999755859375,156.97015380859375,237.4499969482422,0.09000000357627869,0.9900000095367432,23.775999069213867,153.0,3502.0,83.97542572021484,0.41003623604774475,1137.81884765625,2.674935817718506,1.0,0.11999999731779099,0.9700000286102295,0.03999999910593033,1.0,0.0,1.0,0.949999988079071,1.0,1.0,1.0,1.0,1.0,1.0,1.0
3540,-23.571502685546875,28.699996948242188,-535.0999755859375,140.07676696777344,233.80999755859375,0.07000000029802322,0.9900000095367432,23.44099998474121,153.0,3512.0,82.07096099853516,0.40073710680007935,1162.7728271484375,2.668156862258911,1.0,0.11999999731779099,0.9700000286102295,0.03999999910593033,1.0,0.0,1.0,0.949999988079071,1.0,1.0,1.0,1.0,1.0,1.0,1.0
3550,-11.982002258300781,29.449996948242188,-534.7999877929688,119.71217346191406,229.8800048828125,0.05000000074505806,0.9900000095367432,23.01799964904785,153.0,3522.0,95.80888366699219,0.4678167998790741,1184.1488037109375,2.661158561706543,1.0,0.11999999731779099,0.9900000095367432,0.019999999552965164,1.0,0.0,1.0,0.949999988079071,1.0,1.0,1.0,1.0,1.0,1.0,1.0
3560,-5.636002540588379,29.449996948242188,-534.7999877929688,107.77245330810547,224.24000549316406,0.03999999910593033,0.9900000095367432,22.454999923706055,153.0,3532.0,86.41889190673828,0.4219672679901123,1207.8472900390625,2.654825210571289,1.0,0.11999999731779099,0.9900000095367432,0.019999999552965164,1.0,0.0,1.0,0.949999988079071,1.0,1.0,1.0,1.0,1.0,1.0,1.0
3570,-10.335002899169922,29.449996948242188,-534.7999877929688,119.86048126220703,218.89999389648438,0.05000000074505806,0.9800000190734863,22.018999099731445,154.0,3541.0,86.51510620117188,0.42243704199790955,1231.5194091796875,2.6487646102905273,0.9900000095367432,0.12999999523162842,0.9900000095367432,0.019999999552965164,1.0,0.0,1.0,0.949999988079071,0.949999988079071,1.0,1.0,1.0,1.0,1.0,1.0
3580,-4.109002590179443,30.349998474121094,-534.7999877929688,107.9067611694336,214.05999755859375,0.03999999910593033,0.9800000190734863,21.44499969482422,154.0,3551.0,97.64812469482422,0.476797491312027,1252.49267578125,2.6777281761169434,0.9900000095367432,0.12999999523162842,0.9900000095367432,0.019999999552965164,1.0,0.0,1.0,0.949999988079071,0.949999988079071,1.0,1.0,1.0,1.0,1.0,1.0
3590,7.495497226715088,30.349998474121094,-533.9000244140625,77.2310791015625,210.02999877929688,0.019999999552965164,0.9900000095367432,21.041000366210938,154.0,3561.0,84.93626403808594,0.4147278368473053,1276.60498046875,2.667623519897461,0.9900000095367432,0.12999999523162842,0.9900000095367432,0.019999999552965164,1.0,0.0,1.0,0.949999988079071,0.949999988079071,1.0,1.0,1.0,1.0,1.0,1.0
3600,-2.9090025424957275,31.849998474121094,-534.3499755859375,108.33334350585938,206.05999755859375,0.03999999910593033,0.9900000095367432,20.597999572753906,156.0,3571.0,84.93118286132812,0.41470304131507874,1300.7186279296875,2.6935079097747803,0.9900000095367432,0.14000000059604645,0.9900000095367432,0.019999999552965164,1.0,0.0,1.0,0.949999988079071,0.949999988079071,1.0,1.0,1.0,1.0,1.0,1.0
3610,-2.7155025005340576,31.849998474121094,-534.3499755859375,108.29621887207031,204.77000427246094,0.03999999910593033,0.9900000095367432,20.5049991607666,157.0,3581.0,94.84320068359375,0.4631015658378601,1322.3121337890625,2.719956636428833,0.9900000095367432,0.15000000596046448,0.9900000095367432,0.019999999552965164,1.0,0.0,1.0,0.949999988079071,0.949999988079071,1.0,1.0,1.0,1.0,1.0,1.0
3620,-8.346002578735352,31.849998474121094,-534.3499755859375,120.3963623046875,205.63999938964844,0.05000000074505806,0.9900000095367432,20.614999771118164,158.0,3591.0,81.1523208618164,0.3962515890598297,1347.548583984375,2.7382233142852783,0.9900000095367432,0.14000000059604645,0.9900000095367432,0.019999999552965164,1.0,0.009999999776482582,1.0,0.949999988079071,0.949999988079071,1.0,1.0,1.0,1.0,1.0,1.0
3630,-19.595003128051758,31.849998474121094,-534.6500244140625,141.00460815429688,207.3000030517578,0.07000000029802322,0.9900000095367432,20.722000122070312,160.0,3601.0,81.11619567871094,0.39607518911361694,1372.79638671875,2.78424072265625,0.9900000095367432,0.15000000596046448,0.9900000095367432,0.019999999552965164,1.0,0.009999999776482582,1.0,0.949999988079071,0.949999988079071,1.0,1.0,1.0,1.0,1.0,1.0
3640,-20.29250144958496,31.849998474121094,-534.6500244140625,140.83538818359375,211.9499969482422,0.07000000029802322,0.9900000095367432,21.19099998474121,160.0,3611.0,164.6385040283203,0.4019494950771332,1397.675048828125,2.78283953666687,0.9900000095367432,0.15000000596046448,0.9900000095367432,0.019999999552965164,1.0,0.009999999776482582,1.0,0.949999988079071,0.949999988079071,1.0,1.0,1.0,1.0,1.0,1.0
3650,-21.032001495361328,31.849998474121094,-534.6500244140625,140.6936798095703,216.8800048828125,0.07000000029802322,0.9900000095367432,21.749000549316406,160.0,3621.0,76.40361785888672,0.3730645179748535,1424.4801025390625,2.7686245441436768,0.9900000095367432,0.14000000059604645,0.9900000095367432,0.009999999776482582,1.0,0.009999999776482582,1.0,0.949999988079071,0.949999988079071,1.0,1.0,1.0,1.0,1.0,1.0
3660,-21.591503143310547,31.849998474121094,-534.6500244140625,140.56150817871094,220.61000061035156,0.07000000029802322,0.9900000095367432,22.106000900268555,160.0,3631.0,81.56294250488281,0.3982565701007843,1449.589599609375,2.7546870708465576,0.9900000095367432,0.14000000059604645,0.9900000095367432,0.009999999776482582,1.0,0.009999999776482582,1.0,0.949999988079071,0.949999988079071,1.0,1.0,1.0,1.0,1.0,1.0
3670,-17.35000228881836,31.849998474121094,-534.6500244140625,130.7687225341797,229.0,0.05999999865889549,1.0,22.899999618530273,160.0,3641.0,74.22555541992188,0.3624294400215149,1477.18115234375,2.7412755489349365,0.9900000095367432,0.14000000059604645,0.9900000095367432,0.009999999776482582,1.0,0.009999999776482582,1.0,1.0,0.949999988079071,1.0,1.0,1.0,1.0,1.0,1.0
3680,-23.6405029296875,31.849998474121094,-535.25,140.31825256347656,234.27000427246094,0.07000000029802322,1.0,23.427000045776367,161.0,3651.0,169.0909423828125,0.41281968355178833,1501.40478515625,2.711358070373535,0.9900000095367432,0.15000000596046448,0.9900000095367432,0.009999999776482582,1.0,0.009999999776482582,1.0,1.0,0.949999988079071,1.0,1.0,1.0,1.0,1.0,1.0
3690,-29.71200180053711,31.849998474121094,-535.25,148.9522247314453,238.0800018310547,0.07999999821186066,1.0,23.808000564575195,162.0,3661.0,78.99577331542969,0.3857215642929077,1527.3302001953125,2.7273786067962646,0.9900000095367432,0.15000000596046448,0.9900000095367432,0.009999999776482582,1.0,0.019999999552965164,1.0,1.0,0.949999988079071,1.0,1.0,1.0,1.0,1.0,1.0
3700,-20.312501907348633,30.049997329711914,-535.25,130.08572387695312,248.75,0.05999999865889549,1.0,24.875,162.0,3671.0,72.45096588134766,0.35376450419425964,1555.59765625,2.736325979232788,0.9900000095367432,0.12999999523162842,0.9900000095367432,0.009999999776482582,1.0,0.019999999552965164,1.0,1.0,0.949999988079071,1.0,1.0,1.0,1.0,1.0,1.0
3710,-20.94550323486328,30.049997329711914,-535.25,130.04415893554688,252.97000122070312,0.05999999865889549,1.0,25.297000885009766,163.0,3681.0,77.98177337646484,0.38077038526535034,1581.8602294921875,2.7231924533843994,0.9900000095367432,0.11999999731779099,0.9900000095367432,0.009999999776482582,1.0,0.019999999552965164,1.0,1.0,0.949999988079071,1.0,1.0,1.0,1.0,1.0,1.0
3720,-20.851001739501953,30.049997329711914,-535.25,130.00282287597656,252.33999633789062,0.05999999865889549,0.9900000095367432,25.305999755859375,164.0,3690.0,179.96337890625,0.4393636882305145,1604.620361328125,2.7266039848327637,0.9900000095367432,0.11999999731779099,0.9800000190734863,0.019999999552965164,1.0,0.019999999552965164,1.0,1.0,0.8999999761581421,1.0,1.0,1.0,1.0,1.0,1.0
3730,-9.840502738952637,30.049997329711914,-535.25,107.38610076904297,252.27000427246094,0.03999999910593033,0.9900000095367432,25.23200035095215,164.0,3700.0,80.8987045288086,0.3950132131576538,1629.93603515625,2.7416043281555176,0.9900000095367432,0.11999999731779099,0.9800000190734863,0.019999999552965164,1.0,0.019999999552965164,1.0,1.0,0.8999999761581421,1.0,1.0,1.0,1.0,1.0,1.0
3740,-9.80150318145752,30.049997329711914,-535.25,107.43368530273438,252.00999450683594,0.03999999910593033,0.9900000095367432,25.308000564575195,164.0,3710.0,76.89200592041016,0.3754492402076721,1656.57080078125,2.73215389251709,0.9900000095367432,0.11999999731779099,0.9800000190734863,0.019999999552965164,1.0,0.019999999552965164,1.0,1.0,0.8999999761581421,1.0,1.0,1.0,1.0,1.0,1.0
3750,-9.744503021240234,30.049997329711914,-535.25,107.4219741821289,251.6300048828125,0.03999999910593033,0.9900000095367432,25.30299949645996,164.0,3720.0,77.60554504394531,0.3789333403110504,1682.960693359375,2.7178544998168945,0.9900000095367432,0.10999999940395355,0.9800000190734863,0.019999999552965164,1.0,0.019999999552965164,1.0,1.0,0.949999988079071,1.0,1.0,1.0,1.0,1.0,1.0
3760,-21.33550262451172,30.049997329711914,-546.5,130.90737915039062,255.57000732421875,0.05999999865889549,0.9700000286102295,25.465999603271484,166.0,3728.0,160.9929656982422,0.3930492103099823,1708.4027099609375,2.735332489013672,0.9700000286102295,0.12999999523162842,0.9800000190734863,0.019999999552965164,1.0,0.019999999552965164,1.0,1.0,0.8999999761581421,1.0,1.0,1.0,0.949999988079071,1.0,1.0
3770,-21.022003173828125,30.049997329711914,-546.5,130.9995880126953,253.47999572753906,0.05999999865889549,0.9700000286102295,25.56399917602539,166.0,3738.0,76.68636322021484,0.3744451403617859,1735.1090087890625,2.722243070602417,0.9700000286102295,0.12999999523162842,0.9900000095367432,0.009999999776482582,1.0,0.019999999552965164,1.0,1.0,0.8999999761581421,1.0,1.0,1.0,0.949999988079071,1.0,1.0
3780,-15.603002548217773,28.999998092651367,-546.5,120.40386199951172,254.02000427246094,0.05000000074505806,0.9700000286102295,25.275999069213867,166.0,3748.0,74.49785614013672,0.3637590706348419,1762.5997314453125,2.711617946624756,0.9700000286102295,0.11999999731779099,0.9900000095367432,0.009999999776482582,1.0,0.019999999552965164,1.0,1.0,0.8999999761581421,1.0,1.0,1.0,0.949999988079071,1.0,1.0
3790,-10.713502883911133,28.999998092651367,-546.5,108.5250473022461,258.0899963378906,0.03999999910593033,0.9700000286102295,25.597999572753906,166.0,3758.0,74.36023712158203,0.36308711767196655,1790.1412353515625,2.701247215270996,0.9700000286102295,0.10999999940395355,0.9900000095367432,0.009999999776482582,1.0,0.019999999552965164,1.0,1.0,0.8999999761581421,1.0,1.0,1.0,0.949999988079071,1.0,1.0
3800,-15.255002975463867,28.999998092651367,-546.5,120.31331634521484,251.6999969482422,0.05000000074505806,0.9599999785423279,25.33099937438965,167.0,3767.0,172.8214874267578,0.42192748188972473,1813.842041015625,2.7022573947906494,0.9700000286102295,0.10999999940395355,0.9800000190734863,0.019999999552965164,1.0,0.019999999552965164,1.0,0.949999988079071,0.8999999761581421,1.0,1.0,1.0,0.949999988079071,1.0,1.0
3810,-14.880002975463867,28.099998474121094,-546.5,120.13557434082031,249.1999969482422,0.05000000074505806,0.949999988079071,24.972000122070312,168.0,3776.0,81.66436004638672,0.39875176548957825,1838.9202880859375,2.6951727867126465,0.9700000286102295,0.10999999940395355,0.9700000286102295,0.029999999329447746,1.0,0.019999999552965164,1.0,0.8999999761581421,0.8999999761581421,1.0,1.0,1.0,0.949999988079071,1.0,1.0
3820,-9.606502532958984,28.849998474121094,-546.5,108.35093688964844,250.7100067138672,0.03999999910593033,0.9599999785423279,25.02400016784668,168.0,3786.0,78.42259216308594,0.38292279839515686,1865.0352783203125,2.70463228225708,0.9700000286102295,0.10000000149011612,0.9700000286102295,0.029999999329447746,1.0,0.019999999552965164,1.0,0.8999999761581421,0.8999999761581421,1.0,1.0,1.0,0.949999988079071,1.0,1.0
3830,-15.553503036499023,28.849998474121094,-546.5,120.15142822265625,253.69000244140625,0.05000000074505806,0.9599999785423279,25.256999969482422,169.0,3796.0,84.25370788574219,0.4113950729370117,1889.3427734375,2.715221405029297,0.9700000286102295,0.10999999940395355,0.9700000286102295,0.029999999329447746,1.0,0.019999999552965164,1.0,0.8999999761581421,0.8999999761581421,1.0,1.0,1.0,0.949999988079071,1.0,1.0
3840,-15.47700309753418,28.849998474121094,-546.5,120.14251708984375,253.17999267578125,0.05000000074505806,0.9599999785423279,25.46299934387207,169.0,3806.0,79.69573974609375,0.3891393542289734,1915.04052734375,2.705498695373535,0.9700000286102295,0.10999999940395355,0.9700000286102295,0.029999999329447746,1.0,0.019999999552965164,1.0,0.8999999761581421,0.8999999761581421,1.0,1.0,1.0,0.949999988079071,1.0,1.0
3850,-15.430502891540527,28.849998474121094,-546.5,120.12164306640625,252.8699951171875,0.05000000074505806,0.9599999785423279,25.40999984741211,169.0,3816.0,151.2586212158203,0.3692837357521057,1942.1199951171875,2.686758041381836,0.9700000286102295,0.10999999940395355,0.9700000286102295,0.029999999329447746,1.0,0.019999999552965164,1.0,0.8999999761581421,0.8999999761581421,1.0,1.0,1.0,0.949999988079071,1.0,1.0
3860,-3.9145028591156006,28.849998474121094,-534.7999877929688,93.22135162353516,249.42999267578125,0.029999999329447746,0.9800000190734863,25.02899932861328,169.0,3826.0,79.75962829589844,0.3894513249397278,1967.797119140625,2.6792445182800293,0.9800000190734863,0.10000000149011612,0.9700000286102295,0.029999999329447746,1.0,0.019999999552965164,1.0,0.8999999761581421,0.8999999761581421,1.0,1.0,1.0,0.949999988079071,1.0,1.0
3870,-3.1615028381347656,31.39999771118164,-534.7999877929688,93.27498626708984,244.41000366210938,0.029999999329447746,0.9800000190734863,24.49799919128418,169.0,3836.0,91.88124084472656,0.4486388564109802,1990.0867919921875,2.6726632118225098,0.9800000190734863,0.10000000149011612,0.9700000286102295,0.029999999329447746,1.0,0.019999999552965164,1.0,0.8999999761581421,0.8999999761581421,1.0,1.0,1.0,0.949999988079071,1.0,1.0
3880,-2.521002769470215,31.39999771118164,-534.7999877929688,93.34427642822266,240.13999938964844,0.029999999329447746,0.9800000190734863,24.216999053955078,169.0,3846.0,81.55672454833984,0.39822617173194885,2015.1981201171875,2.668794870376587,0.9800000190734863,0.07999999821186066,0.9700000286102295,0.029999999329447746,1.0,0.019999999552965164,1.0,0.8999999761581421,0.8999999761581421,1.0,1.0,1.0,0.949999988079071,1.0,1.0
3890,-1.4305026531219482,31.39999771118164,-534.7999877929688,93.48890686035156,232.8699951171875,0.029999999329447746,0.9800000190734863,23.64299964904785,169.0,3856.0,85.49122619628906,0.4174376130104065,2039.15380859375,2.664886951446533,0.9800000190734863,0.07999999821186066,0.9700000286102295,0.029999999329447746,1.0,0.019999999552965164,1.0,0.8999999761581421,0.8999999761581421,1.0,1.0,1.0,0.949999988079071,1.0,1.0
3900,4.043997287750244,31.39999771118164,-534.7999877929688,76.93993377685547,233.0399932861328,0.019999999552965164,0.9900000095367432,23.336999893188477,169.0,3866.0,89.959716796875,0.4392564296722412,2061.919677734375,2.6585850715637207,0.9800000190734863,0.07000000029802322,0.9700000286102295,0.029999999329447746,1.0,0.019999999552965164,1.0,0.8999999761581421,0.949999988079071,1.0,1.0,1.0,0.949999988079071,1.0,1.0
3910,9.107497215270996,31.39999771118164,-534.7999877929688,55.12489318847656,235.9499969482422,0.009999999776482582,1.0,23.594999313354492,169.0,3876.0,79.52552795410156,0.38830825686454773,2087.67236328125,2.6503520011901855,0.9800000190734863,0.07000000029802322,0.9700000286102295,0.029999999329447746,1.0,0.009999999776482582,1.0,0.8999999761581421,0.949999988079071,1.0,1.0,1.0,0.949999988079071,1.0,1.0
3920,3.553497314453125,31.39999771118164,-534.7999877929688,77.22886657714844,236.30999755859375,0.019999999552965164,1.0,23.631000518798828,170.0,3886.0,79.21794891357422,0.3868063986301422,2113.525146484375,2.642103672027588,0.9800000190734863,0.07000000029802322,0.9700000286102295,0.029999999329447746,1.0,0.009999999776482582,1.0,0.8999999761581421,0.949999988079071,1.0,1.0,1.0,0.949999988079071,1.0,1.0
3930,9.111997604370117,31.39999771118164,-534.7999877929688,55.14131164550781,235.9199981689453,0.009999999776482582,1.0,23.591999053955078,170.0,3896.0,149.26681518554688,0.36442095041275024,2140.9658203125,2.6461429595947266,0.9800000190734863,0.05999999865889549,0.9700000286102295,0.029999999329447746,1.0,0.009999999776482582,1.0,0.8999999761581421,0.949999988079071,1.0,1.0,1.0,0.949999988079071,1.0,1.0
3940,-7.397002696990967,31.39999771118164,-534.7999877929688,107.62342834472656,235.97999572753906,0.03999999910593033,1.0,23.597999572753906,173.0,3906.0,84.11731719970703,0.4107290804386139,2165.312744140625,2.6733267307281494,0.9800000190734863,0.07999999821186066,0.9700000286102295,0.03999999910593033,1.0,0.009999999776482582,1.0,0.8999999761581421,1.0,1.0,1.0,1.0,1.0,1.0,1.0
3950,-7.109002590179443,31.39999771118164,-534.7999877929688,107.6910629272461,234.05999755859375,0.03999999910593033,1.0,23.4060001373291,173.0,3916.0,77.12277221679688,0.3765760362148285,2191.867919921875,2.6867716312408447,0.9800000190734863,0.07999999821186066,0.9700000286102295,0.03999999910593033,1.0,0.009999999776482582,1.0,0.8999999761581421,1.0,1.0,1.0,1.0,1.0,1.0,1.0
3960,-7.542502403259277,31.39999771118164,-534.7999877929688,107.60614776611328,236.9499969482422,0.03999999910593033,1.0,23.69499969482422,173.0,3926.0,76.17915344238281,0.371968537569046,2218.751953125,2.680342197418213,0.9800000190734863,0.07999999821186066,0.9700000286102295,0.03999999910593033,1.0,0.009999999776482582,1.0,0.8999999761581421,1.0,1.0,1.0,1.0,1.0,1.0,1.0
3970,-8.235502243041992,29.749998092651367,-534.7999877929688,107.4674301147461,241.57000732421875,0.03999999910593033,1.0,24.156999588012695,173.0,3936.0,150.5255889892578,0.3674941062927246,2245.963134765625,2.6650424003601074,0.9800000190734863,0.07999999821186066,0.9700000286102295,0.03999999910593033,1.0,0.0,1.0,0.8999999761581421,1.0,1.0,1.0,1.0,1.0,1.0,1.0
3980,-14.398502349853516,28.849998474121094,-534.9500122070312,119.37747955322266,245.99000549316406,0.05000000074505806,1.0,24.599000930786133,174.0,3946.0,87.33538055419922,0.42644229531288147,2269.4130859375,2.67818546295166,0.9800000190734863,0.09000000357627869,0.9700000286102295,0.03999999910593033,1.0,0.0,1.0,0.949999988079071,1.0,1.0,1.0,1.0,1.0,1.0,1.0
3990,-15.084002494812012,28.849998474121094,-534.9500122070312,119.2167739868164,250.55999755859375,0.05000000074505806,1.0,25.055999755859375,174.0,3956.0,79.11647033691406,0.3863109052181244,2295.298828125,2.674103021621704,0.9800000190734863,0.07999999821186066,0.9700000286102295,0.03999999910593033,1.0,0.0,1.0,1.0,1.0,1.0,1.0,1.0,1.0,1.0,1.0
4000,-20.87950325012207,28.549997329711914,-534.9500122070312,129.82489013671875,252.52999877929688,0.05999999865889549,1.0,25.253000259399414,175.0,3966.0,77.37076568603516,0.37778693437576294,2321.768798828125,2.6674253940582275,0.9800000190734863,0.09000000357627869,0.9700000286102295,0.03999999910593033,1.0,0.0,1.0,1.0,1.0,1.0,1.0,1.0,1.0,1.0,1.0
4010,-21.10000228881836,28.549997329711914,-534.9500122070312,129.77859497070312,254.0,0.05999999865889549,1.0,25.399999618530273,175.0,3976.0,163.3936767578125,0.39891037344932556,2346.837158203125,2.6740853786468506,0.9800000190734863,0.09000000357627869,0.9700000286102295,0.03999999910593033,1.0,0.0,1.0,1.0,1.0,1.0,1.0,1.0,1.0,1.0,1.0
4020,-15.598503112792969,28.549997329711914,-534.9500122070312,119.10918426513672,253.99000549316406,0.05000000074505806,1.0,25.39900016784668,175.0,3986.0,79.09325408935547,0.3861975371837616,2372.730712890625,2.6699600219726562,0.9800000190734863,0.07999999821186066,0.9700000286102295,0.03999999910593033,1.0,0.0,1.0,1.0,1.0,1.0,1.0,1.0,1.0,1.0,1.0
4030,-15.244503021240234,27.499998092651367,-534.9500122070312,119.17516326904297,251.6300048828125,0.05000000074505806,1.0,25.163000106811523,175.0,3996.0,81.1077651977539,0.39603400230407715,2397.98095703125,2.670274496078491,0.9800000190734863,0.07999999821186066,0.9700000286102295,0.03999999910593033,1.0,0.0,1.0,1.0,1.0,1.0,1.0,1.0,1.0,1.0,1.0
4040,1.364997148513794,27.499998092651367,-534.9500122070312,76.96012115478516,250.89999389648438,0.019999999552965164,1.0,25.09000015258789,175.0,4006.0,80.1802978515625,0.3915053606033325,2423.5234375,2.6668472290039062,0.9800000190734863,0.07999999821186066,0.9800000190734863,0.029999999329447746,1.0,0.0,1.0,1.0,1.0,1.0,1.0,1.0,1.0,1.0,1.0
4050,0.8219971060752869,27.349998474121094,-534.9500122070312,76.88569641113281,254.52000427246094,0.019999999552965164,1.0,25.45199966430664,175.0,4016.0,85.11676025390625,0.415609210729599,2447.58447265625,2.6646828651428223,0.9800000190734863,0.07999999821186066,0.9800000190734863,0.029999999329447746,1.0,0.0,1.0,1.0,1.0,1.0,1.0,1.0,1.0,1.0,1.0
4060,0.6164970993995667,27.349998474121094,-534.9500122070312,76.89193725585938,255.88999938964844,0.019999999552965164,1.0,25.589000701904297,175.0,4026.0,144.7625274658203,0.3534241318702698,2475.879150390625,2.6381375789642334,0.9800000190734863,0.07999999821186066,0.9800000190734863,0.029999999329447746,1.0,0.0,1.0,1.0,1.0,1.0,1.0,1.0,1.0,1.0,1.0
4070,0.87449711561203,27.349998474121094,-534.9500122070312,76.91857147216797,254.1699981689453,0.019999999552965164,1.0,25.41699981689453,175.0,4036.0,78.79383087158203,0.38473549485206604,2501.87109375,2.636052131652832,0.9900000095367432,0.07000000029802322,0.9800000190734863,0.029999999329447746,1.0,0.0,1.0,1.0,1.0,1.0,1.0,1.0,1.0,1.0,1.0
4080,6.5814971923828125,27.349998474121094,-534.5,54.9254150390625,252.7899932861328,0.009999999776482582,1.0,25.27899932861328,175.0,4046.0,79.33243560791016,0.3873654007911682,2527.6865234375,2.5986154079437256,1.0,0.05999999865889549,0.9800000190734863,0.029999999329447746,1.0,0.0,1.0,1.0,1.0,1.0,1.0,1.0,1.0,1.0,1.0
4090,6.459997177124023,27.349998474121094,-534.5,54.91873550415039,253.60000610351562,0.009999999776482582,1.0,25.360000610351562,175.0,4056.0,86.66399383544922,0.4231640100479126,2551.31787109375,2.6009745597839355,1.0,0.05999999865889549,0.9800000190734863,0.029999999329447746,1.0,0.0,1.0,1.0,1.0,1.0,1.0,1.0,1.0,1.0,1.0
4100,1.4009971618652344,29.14999771118164,-535.0999755859375,76.92031860351562,250.66000366210938,0.019999999552965164,1.0,25.06599998474121,177.0,4066.0,81.43466186523438,0.39763015508651733,2576.467041015625,2.6020760536193848,1.0,0.07999999821186066,0.9800000190734863,0.029999999329447746,1.0,0.0,1.0,1.0,1.0,1.0,1.0,1.0,1.0,1.0,1.0
4110,2.0024971961975098,29.14999771118164,-535.0999755859375,77.01790618896484,246.64999389648438,0.019999999552965164,1.0,24.665000915527344,177.0,4076.0,159.44046020507812,0.3892589509487152,2602.15673828125,2.6064743995666504,1.0,0.07999999821186066,0.9900000095367432,0.019999999552965164,1.0,0.0,1.0,1.0,1.0,1.0,1.0,1.0,1.0,1.0,1.0
4120,1.9034970998764038,29.14999771118164,-535.0999755859375,77.02090454101562,247.30999755859375,0.019999999552965164,1.0,24.731000900268555,177.0,4086.0,90.42031860351562,0.44150546193122864,2624.806640625,2.588792085647583,1.0,0.07000000029802322,0.9900000095367432,0.019999999552965164,1.0,0.0,1.0,1.0,1.0,1.0,1.0,1.0,1.0,1.0,1.0
4130,1.8689972162246704,29.14999771118164,-535.0999755859375,77.01583862304688,247.5399932861328,0.019999999552965164,1.0,24.753999710083008,177.0,4096.0,80.97654724121094,0.3953933119773865,2650.097900390625,2.593371868133545,1.0,0.07000000029802322,1.0,0.009999999776482582,1.0,0.0,1.0,1.0,1.0,1.0,1.0,1.0,1.0,1.0,1.0
4140,1.951497197151184,29.14999771118164,-535.0999755859375,77.04944610595703,246.99000549316406,0.019999999552965164,1.0,24.698999404907227,177.0,4106.0,80.0802993774414,0.3910170793533325,2675.672119140625,2.5931289196014404,1.0,0.07000000029802322,1.0,0.009999999776482582,1.0,0.0,1.0,1.0,1.0,1.0,1.0,1.0,1.0,1.0,1.0
4150,2.116497278213501,29.14999771118164,-535.0999755859375,77.06828308105469,245.88999938964844,0.019999999552965164,1.0,24.589000701904297,177.0,4116.0,86.6267318725586,0.4229820668697357,2699.31396484375,2.597719192504883,1.0,0.07000000029802322,1.0,0.009999999776482582,1.0,0.0,1.0,1.0,1.0,1.0,1.0,1.0,1.0,1.0,1.0
4160,-2.746002674102783,29.14999771118164,-535.0999755859375,93.7649154663086,241.63999938964844,0.029999999329447746,1.0,24.163999557495117,178.0,4126.0,155.4001007080078,0.3793947696685791,2725.671630859375,2.5797977447509766,1.0,0.07999999821186066,1.0,0.009999999776482582,1.0,0.0,1.0,1.0,1.0,1.0,1.0,1.0,1.0,1.0,1.0
4170,-8.32700252532959,29.14999771118164,-535.0999755859375,107.61864471435547,242.17999267578125,0.03999999910593033,1.0,24.218000411987305,179.0,4136.0,77.40972900390625,0.377977192401886,2752.128173828125,2.5974209308624268,1.0,0.09000000357627869,1.0,0.009999999776482582,1.0,0.0,1.0,1.0,1.0,1.0,1.0,1.0,1.0,1.0,1.0
4180,-13.257002830505371,31.999998092651367,-535.0999755859375,119.57604217529297,238.3800048828125,0.05000000074505806,0.9900000095367432,23.840999603271484,180.0,4145.0,85.17633056640625,0.4159000515937805,2776.172607421875,2.6020328998565674,1.0,0.09000000357627869,0.9900000095367432,0.019999999552965164,1.0,0.0,1.0,0.949999988079071,1.0,1.0,1.0,1.0,1.0,1.0,1.0
4190,-12.894002914428711,31.999998092651367,-535.0999755859375,119.64867401123047,235.9600067138672,0.05000000074505806,0.9900000095367432,23.665000915527344,180.0,4155.0,92.09992218017578,0.44970664381980896,2798.4091796875,2.6037425994873047,1.0,0.09000000357627869,0.9900000095367432,0.019999999552965164,1.0,0.0,1.0,0.949999988079071,1.0,1.0,1.0,1.0,1.0,1.0,1.0
4200,-1.9390027523040771,31.999998092651367,-534.5,93.65640258789062,236.25999450683594,0.029999999329447746,0.9900000095367432,23.707000732421875,180.0,4165.0,81.96160125732422,0.400203138589859,2823.396484375,2.6059110164642334,1.0,0.09000000357627869,0.9900000095367432,0.019999999552965164,1.0,0.0,1.0,0.949999988079071,1.0,1.0,1.0,1.0,1.0,1.0,1.0
4210,-7.493002414703369,31.999998092651367,-534.7999877929688,107.56654357910156,236.6199951171875,0.03999999910593033,0.9900000095367432,23.798999786376953,181.0,4175.0,80.64912414550781,0.39379456639289856,2848.79052734375,2.5882339477539062,1.0,0.09000000357627869,0.9900000095367432,0.019999999552965164,1.0,0.0,1.0,0.949999988079071,1.0,1.0,1.0,1.0,1.0,1.0,1.0
4220,-7.634002685546875,31.999998092651367,-534.7999877929688,107.56417083740234,237.55999755859375,0.03999999910593033,0.9900000095367432,23.80699920654297,181.0,4185.0,90.38501739501953,0.4413331151008606,2871.44921875,2.6053547859191895,1.0,0.09000000357627869,0.9900000095367432,0.019999999552965164,1.0,0.0,1.0,0.949999988079071,1.0,1.0,1.0,1.0,1.0,1.0,1.0
4230,-8.579002380371094,31.999998092651367,-534.7999877929688,107.45670318603516,243.86000061035156,0.03999999910593033,0.9900000095367432,24.371999740600586,181.0,4195.0,142.44036865234375,0.3477548360824585,2900.205078125,2.5847232341766357,1.0,0.09000000357627869,0.9900000095367432,0.009999999776482582,1.0,0.0,1.0,0.949999988079071,1.0,1.0,1.0,1.0,1.0,1.0,1.0
4240,-8.442502975463867,31.999998092651367,-534.7999877929688,107.48428344726562,242.9499969482422,0.03999999910593033,0.9900000095367432,24.417999267578125,181.0,4205.0,81.52234649658203,0.39805832505226135,2925.326904296875,2.58699893951416,1.0,0.09000000357627869,0.9900000095367432,0.009999999776482582,1.0,0.0,1.0,0.949999988079071,1.0,1.0,1.0,1.0,1.0,1.0,1.0
4250,-8.832502365112305,31.999998092651367,-534.7999877929688,107.42935943603516,245.5500030517578,0.03999999910593033,0.9900000095367432,24.638999938964844,181.0,4215.0,74.22348022460938,0.3624193072319031,2952.91943359375,2.5873308181762695,1.0,0.07000000029802322,0.9900000095367432,0.009999999776482582,1.0,0.0,1.0,0.949999988079071,1.0,1.0,1.0,1.0,1.0,1.0,1.0
4260,-4.0780029296875,31.999998092651367,-534.7999877929688,93.57819366455078,250.52000427246094,0.029999999329447746,0.9900000095367432,25.077999114990234,181.0,4225.0,158.8573760986328,0.38783538341522217,2978.703369140625,2.590427875518799,1.0,0.07000000029802322,0.9900000095367432,0.009999999776482582,1.0,0.0,1.0,0.949999988079071,1.0,1.0,1.0,1.0,1.0,1.0,1.0
4270,0.20399709045886993,31.999998092651367,-534.7999877929688,76.85152435302734,258.6400146484375,0.019999999552965164,0.9900000095367432,25.89699935913086,181.0,4235.0,68.24271392822266,0.3332163691520691,3008.714111328125,2.5881104469299316,1.0,0.05999999865889549,0.9900000095367432,0.009999999776482582,1.0,0.0,1.0,0.949999988079071,1.0,1.0,1.0,1.0,1.0,1.0,1.0
4280,4.7049970626831055,28.999998092651367,-534.7999877929688,55.31650161743164,265.29998779296875,0.009999999776482582,1.0,26.530000686645508,181.0,4245.0,144.99159240722656,0.3539833724498749,3036.9638671875,2.54407000541687,1.0,0.05999999865889549,0.9900000095367432,0.009999999776482582,1.0,0.0,1.0,0.949999988079071,1.0,1.0,1.0,1.0,1.0,1.0,1.0
4290,4.118496894836426,28.999998092651367,-534.7999877929688,55.24866485595703,269.2099914550781,0.009999999776482582,1.0,26.92099952697754,181.0,4255.0,75.25774383544922,0.36746945977211,3064.177001953125,2.5091729164123535,1.0,0.05000000074505806,0.9900000095367432,0.009999999776482582,1.0,0.0,1.0,0.949999988079071,1.0,1.0,1.0,1.0,1.0,1.0,1.0
4300,3.975996971130371,31.999998092651367,-534.7999877929688,55.23141860961914,270.1600036621094,0.009999999776482582,1.0,27.016000747680664,181.0,4265.0,89.92838287353516,0.4391034245491028,3086.95068359375,2.511462450027466,1.0,0.05000000074505806,0.9900000095367432,0.009999999776482582,1.0,0.0,1.0,0.949999988079071,1.0,1.0,1.0,1.0,1.0,1.0,1.0
4310,9.3934965133667,31.999998092651367,-20.350004196166992,10.882628440856934,270.7099914550781,0.0,1.0,27.070999145507812,181.0,4275.0,79.1120834350586,0.38628947734832764,3112.838134765625,2.493986129760742,1.0,0.05000000074505806,0.9900000095367432,0.009999999776482582,1.0,0.0,1.0,0.949999988079071,1.0,1.0,1.0,1.0,1.0,1.0,1.0
4320,9.68749713897705,32.44999694824219,-20.350004196166992,10.766142845153809,268.75,0.0,1.0,26.875,181.0,4285.0,152.1756591796875,0.37152260541915894,3139.75439453125,2.496023178100586,1.0,0.05000000074505806,0.9900000095367432,0.009999999776482582,1.0,0.0,1.0,0.949999988079071,1.0,1.0,1.0,1.0,1.0,1.0,1.0
4330,10.99549674987793,32.44999694824219,-20.350004196166992,10.603111267089844,260.0299987792969,0.0,1.0,26.003000259399414,181.0,4295.0,83.60680389404297,0.4082363247871399,3164.25,2.4457650184631348,1.0,0.05000000074505806,0.9900000095367432,0.009999999776482582,1.0,0.0,1.0,0.949999988079071,1.0,1.0,1.0,1.0,1.0,1.0,1.0
4340,11.179996490478516,32.44999694824219,-20.350004196166992,10.576542854309082,258.79998779296875,0.0,1.0,25.8799991607666,181.0,4305.0,93.45453643798828,0.45632097125053406,3186.164306640625,2.4477360248565674,1.0,0.05000000074505806,0.9900000095367432,0.009999999776482582,1.0,0.0,1.0,0.949999988079071,1.0,1.0,1.0,1.0,1.0,1.0,1.0
4350,11.928497314453125,32.44999694824219,-20.350004196166992,10.569151878356934,253.80999755859375,0.0,1.0,25.381000518798828,181.0,4315.0,79.34952545166016,0.38744887709617615,3211.974365234375,2.4451375007629395,1.0,0.05000000074505806,0.9900000095367432,0.009999999776482582,1.0,0.0,1.0,0.949999988079071,1.0,1.0,1.0,1.0,1.0,1.0,1.0
4360,7.1424970626831055,32.44999694824219,-535.4000244140625,55.389923095703125,249.0500030517578,0.009999999776482582,1.0,24.905000686645508,182.0,4325.0,77.90016174316406,0.3803718686103821,3238.264404296875,2.4426088333129883,1.0,0.05999999865889549,0.9900000095367432,0.009999999776482582,1.0,0.0,1.0,1.0,1.0,1.0,1.0,1.0,1.0,1.0,1.0
4370,8.064996719360352,32.44999694824219,-535.4000244140625,55.373817443847656,242.89999389648438,0.009999999776482582,1.0,24.290000915527344,182.0,4335.0,86.16155242919922,0.4207107126712799,3262.03369140625,2.4424946308135986,1.0,0.05999999865889549,0.9900000095367432,0.009999999776482582,1.0,0.0,1.0,1.0,1.0,1.0,1.0,1.0,1.0,1.0,1.0
4380,-19.516002655029297,26.599998474121094,-534.7999877929688,129.943603515625,243.44000244140625,0.05999999865889549,0.9800000190734863,24.410999298095703,160.0,4345.0,47.43783950805664,0.23163007199764252,5606.0283203125,2.5049216747283936,0.9599999785423279,0.09000000357627869,0.9900000095367432,0.009999999776482582,1.0,0.019999999552965164,1.0,0.8999999761581421,0.949999988079071,1.0,1.0,1.0,0.8999999761581421,1.0,1.0
4390,-20.248003005981445,26.599998474121094,-534.7999877929688,129.77406311035156,248.32000732421875,0.05999999865889549,0.9800000190734863,24.893999099731445,160.0,4355.0,92.28076934814453,0.22529484331607819,5650.41455078125,2.4670047760009766,0.9599999785423279,0.09000000357627869,0.9900000095367432,0.009999999776482582,1.0,0.019999999552965164,1.0,0.8999999761581421,0.949999988079071,1.0,1.0,1.0,0.949999988079071,1.0,1.0
4400,-15.4245023727417,26.599998474121094,-534.7999877929688,118.93426513671875,252.8300018310547,0.05000000074505806,0.9800000190734863,25.341999053955078,160.0,4365.0,44.984397888183594,0.21965038776397705,5695.94140625,2.439789056777954,0.9599999785423279,0.09000000357627869,0.9900000095367432,0.009999999776482582,1.0,0.019999999552965164,1.0,0.8999999761581421,0.949999988079071,1.0,1.0,1.0,0.949999988079071,1.0,1.0
4410,-16.599002838134766,25.849998474121094,-534.7999877929688,118.69280242919922,260.6600036621094,0.05000000074505806,0.9800000190734863,26.035999298095703,160.0,4375.0,45.421974182128906,0.2217869907617569,5741.02978515625,2.4328973293304443,0.9599999785423279,0.09000000357627869,0.9900000095367432,0.009999999776482582,1.0,0.019999999552965164,1.0,0.949999988079071,0.949999988079071,1.0,1.0,1.0,0.949999988079071,1.0,1.0
4420,-17.209503173828125,25.549997329711914,-534.7999877929688,118.53858184814453,264.7300109863281,0.05000000074505806,0.9800000190734863,26.506000518798828,160.0,4385.0,93.51949310302734,0.22831907868385315,5784.828125,2.4175829887390137,0.9599999785423279,0.09000000357627869,0.9900000095367432,0.009999999776482582,1.0,0.019999999552965164,1.0,0.949999988079071,0.949999988079071,1.0,1.0,1.0,0.949999988079071,1.0,1.0
4430,-6.571002960205078,25.549997329711914,-534.7999877929688,93.1744155883789,267.1400146484375,0.029999999329447746,1.0,26.714000701904297,160.0,4395.0,50.333377838134766,0.2457684427499771,5825.51708984375,2.4109549522399902,0.9599999785423279,0.09000000357627869,0.9900000095367432,0.009999999776482582,1.0,0.019999999552965164,1.0,0.949999988079071,0.949999988079071,1.0,1.0,1.0,0.949999988079071,1.0,1.0
4440,-1.272002935409546,25.549997329711914,-534.7999877929688,76.55723571777344,268.4800109863281,0.019999999552965164,1.0,26.847999572753906,160.0,4405.0,46.533447265625,0.22721409797668457,5869.5283203125,2.4045891761779785,0.9599999785423279,0.09000000357627869,0.9900000095367432,0.009999999776482582,1.0,0.019999999552965164,1.0,0.949999988079071,0.949999988079071,1.0,1.0,1.0,0.949999988079071,1.0,1.0
4450,9.37399673461914,25.549997329711914,-15.850004196166992,7.762314796447754,270.8399963378906,0.0,1.0,27.083999633789062,160.0,4415.0,95.39894104003906,0.23290756344795227,5912.4638671875,2.3857779502868652,0.9599999785423279,0.09000000357627869,0.9900000095367432,0.009999999776482582,1.0,0.019999999552965164,1.0,1.0,0.949999988079071,1.0,1.0,1.0,0.949999988079071,1.0,1.0
4460,9.2059965133667,25.549997329711914,-15.850004196166992,7.605604648590088,271.9599914550781,0.0,1.0,27.195999145507812,160.0,4425.0,48.566829681396484,0.23714272677898407,5954.6328125,2.379275321960449,0.9599999785423279,0.09000000357627869,0.9900000095367432,0.009999999776482582,1.0,0.019999999552965164,1.0,1.0,0.949999988079071,1.0,1.0,1.0,0.949999988079071,1.0,1.0
4470,9.544997215270996,25.549997329711914,-15.850004196166992,7.371138095855713,269.70001220703125,0.0,1.0,26.969999313354492,160.0,4435.0,50.16611099243164,0.24495172500610352,5995.45703125,2.3705379962921143,0.9599999785423279,0.09000000357627869,0.9900000095367432,0.009999999776482582,1.0,0.019999999552965164,1.0,1.0,0.949999988079071,1.0,1.0,1.0,0.949999988079071,1.0,1.0
4480,4.0149970054626465,24.199996948242188,-534.9500122070312,54.58721160888672,269.8999938964844,0.009999999776482582,1.0,26.989999771118164,161.0,4445.0,47.83500289916992,0.23356935381889343,6038.27099609375,2.3815250396728516,0.9599999785423279,0.10000000149011612,1.0,0.0,1.0,0.019999999552965164,1.0,1.0,0.949999988079071,1.0,1.0,1.0,0.949999988079071,1.0,1.0
4490,-1.2135030031204224,24.799997329711914,-534.9500122070312,76.54613494873047,268.0899963378906,0.019999999552965164,1.0,26.80900001525879,162.0,4455.0,86.77151489257812,0.2118445187807083,6085.4755859375,2.368501901626587,0.9599999785423279,0.10999999940395355,1.0,0.0,1.0,0.019999999552965164,1.0,1.0,0.949999988079071,1.0,1.0,1.0,0.949999988079071,1.0,1.0
4500,-0.8265029788017273,24.799997329711914,-534.9500122070312,76.6125717163086,265.510009765625,0.019999999552965164,1.0,26.551000595092773,162.0,4465.0,50.40875244140625,0.24613648653030396,6126.103515625,2.3794877529144287,0.9599999785423279,0.10999999940395355,1.0,0.0,1.0,0.019999999552965164,1.0,1.0,0.949999988079071,1.0,1.0,1.0,0.949999988079071,1.0,1.0
4510,-5.6110029220581055,24.799997329711914,-534.9500122070312,93.30276489257812,260.739990234375,0.029999999329447746,1.0,26.073999404907227,163.0,4475.0,53.17076110839844,0.25962284207344055,6164.62060546875,2.397090196609497,0.9700000286102295,0.10999999940395355,1.0,0.0,1.0,0.009999999776482582,1.0,1.0,1.0,1.0,1.0,1.0,1.0,1.0,1.0
4520,-10.713502883911133,24.799997329711914,-534.9500122070312,106.93746948242188,258.0899963378906,0.03999999910593033,0.9900000095367432,25.882999420166016,164.0,4484.0,51.95246887207031,0.25367414951324463,6204.04150390625,2.3952126502990723,0.9700000286102295,0.10999999940395355,0.9900000095367432,0.009999999776482582,1.0,0.009999999776482582,1.0,0.949999988079071,1.0,1.0,1.0,1.0,1.0,1.0,1.0
4530,-15.904502868652344,24.799997329711914,-534.9500122070312,119.01768493652344,256.0299987792969,0.05000000074505806,0.9900000095367432,25.638999938964844,165.0,4494.0,51.95976638793945,0.2537097930908203,6243.45654296875,2.3930180072784424,0.9700000286102295,0.11999999731779099,0.9900000095367432,0.009999999776482582,1.0,0.0,1.0,0.949999988079071,1.0,1.0,1.0,1.0,1.0,1.0,1.0
4540,-26.82950210571289,24.799997329711914,-535.5499877929688,139.3392333984375,255.52999877929688,0.07000000029802322,0.9900000095367432,25.636999130249023,167.0,4504.0,95.38302612304688,0.2328687161207199,6286.39892578125,2.443148136138916,0.9700000286102295,0.12999999523162842,0.9900000095367432,0.009999999776482582,1.0,0.0,1.0,0.949999988079071,1.0,1.0,1.0,1.0,1.0,1.0,1.0
4550,-26.751502990722656,24.949996948242188,-535.5499877929688,139.37403869628906,255.00999450683594,0.07000000029802322,0.9900000095367432,25.590999603271484,167.0,4514.0,45.22917556762695,0.22084558010101318,6331.6796875,2.4372332096099854,0.9700000286102295,0.12999999523162842,0.9900000095367432,0.009999999776482582,1.0,0.0,1.0,0.949999988079071,1.0,1.0,1.0,1.0,1.0,1.0,1.0
4560,-26.480003356933594,24.949996948242188,-535.5499877929688,139.4546356201172,253.1999969482422,0.07000000029802322,0.9900000095367432,25.426000595092773,167.0,4524.0,50.482566833496094,0.24649690091609955,6372.248046875,2.4391119480133057,0.9700000286102295,0.12999999523162842,0.9900000095367432,0.009999999776482582,1.0,0.0,1.0,0.949999988079071,1.0,1.0,1.0,1.0,1.0,1.0,1.0
4570,-37.1035041809082,26.449996948242188,-535.5499877929688,156.3744354248047,250.69000244140625,0.09000000357627869,0.9900000095367432,25.15399932861328,169.0,4534.0,56.75389099121094,0.27711862325668335,6408.333984375,2.4393351078033447,0.9700000286102295,0.14000000059604645,0.9900000095367432,0.019999999552965164,1.0,0.0,1.0,0.949999988079071,1.0,1.0,1.0,1.0,1.0,1.0,1.0
4580,-36.22300338745117,28.549997329711914,-535.5499877929688,156.65151977539062,244.82000732421875,0.09000000357627869,0.9900000095367432,24.594999313354492,170.0,4544.0,60.906097412109375,0.2973930537700653,6441.95947265625,2.4768753051757812,0.9800000190734863,0.14000000059604645,0.9900000095367432,0.019999999552965164,1.0,0.0,1.0,0.949999988079071,1.0,1.0,1.0,1.0,1.0,1.0,1.0
4590,-30.286502838134766,28.549997329711914,-535.5499877929688,148.6128692626953,241.91000366210938,0.07999999821186066,0.9900000095367432,24.201000213623047,170.0,4554.0,112.72034454345703,0.2751961350440979,6478.296875,2.4995596408843994,0.9800000190734863,0.14000000059604645,0.9900000095367432,0.019999999552965164,1.0,0.0,1.0,0.949999988079071,1.0,1.0,1.0,1.0,1.0,1.0,1.0
4600,-30.121501922607422,29.89999771118164,-535.5499877929688,148.64541625976562,240.80999755859375,0.07999999821186066,0.9900000095367432,24.16900062561035,170.0,4564.0,54.93559265136719,0.26824018359184265,6515.5771484375,2.4845147132873535,0.9800000190734863,0.12999999523162842,0.9900000095367432,0.019999999552965164,1.0,0.0,1.0,0.949999988079071,1.0,1.0,1.0,1.0,1.0,1.0,1.0
4610,-24.401002883911133,29.89999771118164,-535.5499877929688,139.8309326171875,239.33999633789062,0.07000000029802322,0.9900000095367432,23.97100067138672,170.0,4574.0,61.3150749206543,0.2993900179862976,6548.978515625,2.485659599304199,0.9800000190734863,0.12999999523162842,0.9900000095367432,0.019999999552965164,1.0,0.0,1.0,0.949999988079071,1.0,1.0,1.0,1.0,1.0,1.0,1.0
4620,-29.509502410888672,29.89999771118164,-535.5499877929688,148.8126220703125,236.72999572753906,0.07999999821186066,0.9900000095367432,23.756999969482422,172.0,4583.0,63.31290817260742,0.30914506316185,6581.32568359375,2.487861156463623,0.9800000190734863,0.12999999523162842,0.9800000190734863,0.029999999329447746,1.0,0.009999999776482582,1.0,0.949999988079071,0.949999988079071,1.0,1.0,1.0,1.0,1.0,1.0
4630,-23.897003173828125,29.89999771118164,-535.5499877929688,139.96136474609375,235.97999572753906,0.07000000029802322,0.9900000095367432,23.631000518798828,172.0,4593.0,62.04728698730469,0.3029652535915375,6614.33251953125,2.5080013275146484,0.9900000095367432,0.11999999731779099,0.9800000190734863,0.029999999329447746,1.0,0.009999999776482582,1.0,0.949999988079071,0.949999988079071,1.0,1.0,1.0,1.0,1.0,1.0
4640,-12.240002632141113,29.89999771118164,-535.25,119.64815521240234,231.60000610351562,0.05000000074505806,0.9900000095367432,23.18899917602539,172.0,4603.0,61.176761627197266,0.29871466755867004,6647.8095703125,2.5077931880950928,1.0,0.10999999940395355,0.9800000190734863,0.029999999329447746,1.0,0.009999999776482582,1.0,0.949999988079071,0.949999988079071,1.0,1.0,1.0,1.0,1.0,1.0
4650,-11.60100269317627,29.89999771118164,-535.25,119.76988220214844,227.33999633789062,0.05000000074505806,0.9900000095367432,22.804000854492188,172.0,4613.0,58.132877349853516,0.2838519215583801,6683.0390625,2.511662721633911,1.0,0.10999999940395355,0.9800000190734863,0.029999999329447746,1.0,0.009999999776482582,1.0,0.949999988079071,0.949999988079071,1.0,1.0,1.0,1.0,1.0,1.0
4660,-11.152502059936523,29.89999771118164,-535.25,119.857666015625,224.35000610351562,0.05000000074505806,0.9900000095367432,22.434999465942383,172.0,4623.0,50.706356048583984,0.24758963286876678,6723.4287109375,2.5115644931793213,1.0,0.10000000149011612,0.9800000190734863,0.029999999329447746,1.0,0.009999999776482582,1.0,0.949999988079071,0.949999988079071,1.0,1.0,1.0,1.0,1.0,1.0
